record_id|financial_year|constituency|ward|project_name|project_category|project_description|approved_budget_zmw|amount_disbursed_zmw|amount_spent_zmw|project_status|completion_percentage|approval_date|completion_date|beneficiaries|contractor|source_title|source_url|date_accessed|notes
LCC-CDF-PROJ-2025-001|2025|Chawama|Lilayi Ward 4|Construction of a Community Hall for Event,Gatherings and others activities|Community and recreation|Construction of a Community Hall for Event,Gatherings and others activities|2000000|||Planned||||||Lusaka City Council CDF Projects for the Year 2025|https://www.lcc.gov.zm/publications/|2026-09-14|Listed in the official LCC 2025 CDF community-project schedule with an approved project amount. Implementation progress, disbursement, expenditure, contractor, beneficiaries and completion dates were not reported in this source.
LCC-CDF-PROJ-2025-002|2025|Chawama|Lilayi Ward 4|Installation of streetligthts along Petroda road in Lilayi|Roads and drainage|Installation of streetligthts along Petroda road in Lilayi|560000|||Planned||||||Lusaka City Council CDF Projects for the Year 2025|https://www.lcc.gov.zm/publications/|2026-09-14|Listed in the official LCC 2025 CDF community-project schedule with an approved project amount. Implementation progress, disbursement, expenditure, contractor, beneficiaries and completion dates were not reported in this source.
LCC-CDF-PROJ-2025-003|2025|Chawama|Lilayi Ward 4|Construction of the stone based road in Miller|Roads and drainage|Construction of the stone based road in Miller|1200000|||Planned||||||Lusaka City Council CDF Projects for the Year 2025|https://www.lcc.gov.zm/publications/|2026-09-14|Listed in the official LCC 2025 CDF community-project schedule with an approved project amount. Implementation progress, disbursement, expenditure, contractor, beneficiaries and completion dates were not reported in this source.
LCC-CDF-PROJ-2025-004|2025|Chawama|Chawama Ward 2|Paving of the Jesus is the King Road in Eye Clinic|Roads and drainage|Paving of the Jesus is the King Road in Eye Clinic|2339305|||Planned||||||Lusaka City Council CDF Projects for the Year 2025|https://www.lcc.gov.zm/publications/|2026-09-14|Listed in the official LCC 2025 CDF community-project schedule with an approved project amount. Implementation progress, disbursement, expenditure, contractor, beneficiaries and completion dates were not reported in this source.
LCC-CDF-PROJ-2025-005|2025|Chawama|Chawama Ward 2|Completion of Chawama Secondary School with 270 desks|Education|Completion of Chawama Secondary School with 270 desks|4261821|||Planned||||||Lusaka City Council CDF Projects for the Year 2025|https://www.lcc.gov.zm/publications/|2026-09-14|Listed in the official LCC 2025 CDF community-project schedule with an approved project amount. Implementation progress, disbursement, expenditure, contractor, beneficiaries and completion dates were not reported in this source.
LCC-CDF-PROJ-2025-006|2025|Chawama|John Howard Ward|Paving of Damakiso School Road(300meters)|Roads and drainage|Paving of Damakiso School Road(300meters)|1023497|||Planned||||||Lusaka City Council CDF Projects for the Year 2025|https://www.lcc.gov.zm/publications/|2026-09-14|Listed in the official LCC 2025 CDF community-project schedule with an approved project amount. Implementation progress, disbursement, expenditure, contractor, beneficiaries and completion dates were not reported in this source.
LCC-CDF-PROJ-2025-007|2025|Chawama|John Howard Ward|Replacement of clogged water pipes|Water and sanitation|Replacement of clogged water pipes|2238689|||Planned||||||Lusaka City Council CDF Projects for the Year 2025|https://www.lcc.gov.zm/publications/|2026-09-14|Listed in the official LCC 2025 CDF community-project schedule with an approved project amount. Implementation progress, disbursement, expenditure, contractor, beneficiaries and completion dates were not reported in this source.
LCC-CDF-PROJ-2025-008|2025|Chawama|Nkoloma Ward 1|Paving of Chuma Chiyenda road and drainage construction|Roads and drainage|Paving of Chuma Chiyenda road and drainage construction|2024693|||Planned||||||Lusaka City Council CDF Projects for the Year 2025|https://www.lcc.gov.zm/publications/|2026-09-14|Listed in the official LCC 2025 CDF community-project schedule with an approved project amount. Implementation progress, disbursement, expenditure, contractor, beneficiaries and completion dates were not reported in this source.
LCC-CDF-PROJ-2025-009|2025|Chawama|Nkoloma Ward 1|Completion of Kuku Police Post Phase 2|Public safety|Completion of Kuku Police Post Phase 2|2100500|||Planned||||||Lusaka City Council CDF Projects for the Year 2025|https://www.lcc.gov.zm/publications/|2026-09-14|Listed in the official LCC 2025 CDF community-project schedule with an approved project amount. Implementation progress, disbursement, expenditure, contractor, beneficiaries and completion dates were not reported in this source.
LCC-CDF-PROJ-2025-010|2025|Kabwata|Kamwala Ward|Construction Of The Local Courtmaxwell Sibongo Police Post|Public safety|Construction Of The Local Courtmaxwell Sibongo Police Post|1980900|||Planned||||||Lusaka City Council CDF Projects for the Year 2025|https://www.lcc.gov.zm/publications/|2026-09-14|Listed in the official LCC 2025 CDF community-project schedule with an approved project amount. Implementation progress, disbursement, expenditure, contractor, beneficiaries and completion dates were not reported in this source.
LCC-CDF-PROJ-2025-011|2025|Kabwata|Kamwala Ward|Supply And Installation Of Solar Street Lights Along Paul Ngoza Road|Roads and drainage|Supply And Installation Of Solar Street Lights Along Paul Ngoza Road|1530900|||Planned||||||Lusaka City Council CDF Projects for the Year 2025|https://www.lcc.gov.zm/publications/|2026-09-14|Listed in the official LCC 2025 CDF community-project schedule with an approved project amount. Implementation progress, disbursement, expenditure, contractor, beneficiaries and completion dates were not reported in this source.
LCC-CDF-PROJ-2025-012|2025|Kabwata|Kabwata Ward|Supply And Installation Of Solar Street Lights Along 9th Street|Roads and drainage|Supply And Installation Of Solar Street Lights Along 9th Street|693000|||Planned||||||Lusaka City Council CDF Projects for the Year 2025|https://www.lcc.gov.zm/publications/|2026-09-14|Listed in the official LCC 2025 CDF community-project schedule with an approved project amount. Implementation progress, disbursement, expenditure, contractor, beneficiaries and completion dates were not reported in this source.
LCC-CDF-PROJ-2025-013|2025|Kabwata|Kabwata Ward|Paving Of Recently Built Maternity Wing Kabwata Clinic|Roads and drainage|Paving Of Recently Built Maternity Wing Kabwata Clinic|385000|||Planned||||||Lusaka City Council CDF Projects for the Year 2025|https://www.lcc.gov.zm/publications/|2026-09-14|Listed in the official LCC 2025 CDF community-project schedule with an approved project amount. Implementation progress, disbursement, expenditure, contractor, beneficiaries and completion dates were not reported in this source.
LCC-CDF-PROJ-2025-014|2025|Kabwata|Kabwata Ward|Construction Of A Drainage From Site And Service Richard Kachungwe - 400m|Roads and drainage|Construction Of A Drainage From Site And Service Richard Kachungwe - 400m|997859|||Planned||||||Lusaka City Council CDF Projects for the Year 2025|https://www.lcc.gov.zm/publications/|2026-09-14|Listed in the official LCC 2025 CDF community-project schedule with an approved project amount. Implementation progress, disbursement, expenditure, contractor, beneficiaries and completion dates were not reported in this source.
LCC-CDF-PROJ-2025-015|2025|Kabwata|Kabwata Ward|Paving Of The Road 11th Street|Roads and drainage|Paving Of The Road 11th Street|1273389|||Planned||||||Lusaka City Council CDF Projects for the Year 2025|https://www.lcc.gov.zm/publications/|2026-09-14|Listed in the official LCC 2025 CDF community-project schedule with an approved project amount. Implementation progress, disbursement, expenditure, contractor, beneficiaries and completion dates were not reported in this source.
LCC-CDF-PROJ-2025-016|2025|Kabwata|Libala Ward|Supply And Installation Of Solar Street Lights Richard Kachungwe - 400m|Roads and drainage|Supply And Installation Of Solar Street Lights Richard Kachungwe - 400m|321930|||Planned||||||Lusaka City Council CDF Projects for the Year 2025|https://www.lcc.gov.zm/publications/|2026-09-14|Listed in the official LCC 2025 CDF community-project schedule with an approved project amount. Implementation progress, disbursement, expenditure, contractor, beneficiaries and completion dates were not reported in this source.
LCC-CDF-PROJ-2025-017|2025|Kabwata|Libala Ward|Supply And Installation Of Solar Street Lights 17th Street|Roads and drainage|Supply And Installation Of Solar Street Lights 17th Street|856800|||Planned||||||Lusaka City Council CDF Projects for the Year 2025|https://www.lcc.gov.zm/publications/|2026-09-14|Listed in the official LCC 2025 CDF community-project schedule with an approved project amount. Implementation progress, disbursement, expenditure, contractor, beneficiaries and completion dates were not reported in this source.
LCC-CDF-PROJ-2025-018|2025|Kabwata|Libala Ward|Paving The Walkways From Yotamu Muleya21st Street Traffic Lights To Chilimbulu Road (One Side Only)- 350m|Roads and drainage|Paving The Walkways From Yotamu Muleya21st Street Traffic Lights To Chilimbulu Road (One Side Only)- 350m|502321|||Planned||||||Lusaka City Council CDF Projects for the Year 2025|https://www.lcc.gov.zm/publications/|2026-09-14|Listed in the official LCC 2025 CDF community-project schedule with an approved project amount. Implementation progress, disbursement, expenditure, contractor, beneficiaries and completion dates were not reported in this source.
LCC-CDF-PROJ-2025-019|2025|Kabwata|Libala Ward|Rehabilitation Of The Stage Ii Playpack Stage Ii Playpack|Other community infrastructure|Rehabilitation Of The Stage Ii Playpack Stage Ii Playpack|1485000|||Planned||||||Lusaka City Council CDF Projects for the Year 2025|https://www.lcc.gov.zm/publications/|2026-09-14|Listed in the official LCC 2025 CDF community-project schedule with an approved project amount. Implementation progress, disbursement, expenditure, contractor, beneficiaries and completion dates were not reported in this source.
LCC-CDF-PROJ-2025-020|2025|Kabwata|Chilenje Ward|Completion Of Mapoloto Police Post Mapoloto Police Post|Public safety|Completion Of Mapoloto Police Post Mapoloto Police Post|600000|||Planned||||||Lusaka City Council CDF Projects for the Year 2025|https://www.lcc.gov.zm/publications/|2026-09-14|Listed in the official LCC 2025 CDF community-project schedule with an approved project amount. Implementation progress, disbursement, expenditure, contractor, beneficiaries and completion dates were not reported in this source.
LCC-CDF-PROJ-2025-021|2025|Kabwata|Chilenje Ward|Installation Of Solar Lights (Flood Lights) Chilenje Market|Markets and commerce|Installation Of Solar Lights (Flood Lights) Chilenje Market|714546|||Planned||||||Lusaka City Council CDF Projects for the Year 2025|https://www.lcc.gov.zm/publications/|2026-09-14|Listed in the official LCC 2025 CDF community-project schedule with an approved project amount. Implementation progress, disbursement, expenditure, contractor, beneficiaries and completion dates were not reported in this source.
LCC-CDF-PROJ-2025-022|2025|Kabwata|Chilenje Ward|Supply And Installation Of Solar|Other community infrastructure|Supply And Installation Of Solar|355320|||Planned||||||Lusaka City Council CDF Projects for the Year 2025|https://www.lcc.gov.zm/publications/|2026-09-14|Listed in the official LCC 2025 CDF community-project schedule with an approved project amount. Implementation progress, disbursement, expenditure, contractor, beneficiaries and completion dates were not reported in this source.
LCC-CDF-PROJ-2025-023|2025|Kabwata|Chilenje Ward|Supply And Installation Of Solar Street Lights Of Through Level 1 Hos[Ptal Entrance Road.|Roads and drainage|Supply And Installation Of Solar Street Lights Of Through Level 1 Hos[Ptal Entrance Road.|696780|||Planned||||||Lusaka City Council CDF Projects for the Year 2025|https://www.lcc.gov.zm/publications/|2026-09-14|Listed in the official LCC 2025 CDF community-project schedule with an approved project amount. Implementation progress, disbursement, expenditure, contractor, beneficiaries and completion dates were not reported in this source.
LCC-CDF-PROJ-2025-024|2025|Kabwata|Chilenje Ward|Construction Of A Drainage System Along Chilala Road - 480m|Roads and drainage|Construction Of A Drainage System Along Chilala Road - 480m|1195527|||Planned||||||Lusaka City Council CDF Projects for the Year 2025|https://www.lcc.gov.zm/publications/|2026-09-14|Listed in the official LCC 2025 CDF community-project schedule with an approved project amount. Implementation progress, disbursement, expenditure, contractor, beneficiaries and completion dates were not reported in this source.
LCC-CDF-PROJ-2025-025|2025|Kabwata|Kamulanga Ward|Paving Of The Road (Jackson Sikuyuba Road)|Roads and drainage|Paving Of The Road (Jackson Sikuyuba Road)|1900000|||Planned||||||Lusaka City Council CDF Projects for the Year 2025|https://www.lcc.gov.zm/publications/|2026-09-14|Listed in the official LCC 2025 CDF community-project schedule with an approved project amount. Implementation progress, disbursement, expenditure, contractor, beneficiaries and completion dates were not reported in this source.
LCC-CDF-PROJ-2025-026|2025|Kabwata|Kamulanga Ward|Completion Of Maternity Wing At Lilayi Clinic Lilayi Clinic Phase Ii|Health|Completion Of Maternity Wing At Lilayi Clinic Lilayi Clinic Phase Ii|1300000|||Planned||||||Lusaka City Council CDF Projects for the Year 2025|https://www.lcc.gov.zm/publications/|2026-09-14|Listed in the official LCC 2025 CDF community-project schedule with an approved project amount. Implementation progress, disbursement, expenditure, contractor, beneficiaries and completion dates were not reported in this source.
LCC-CDF-PROJ-2025-027|2025|Kanyama|Chinika Ward|Rehabilitation of Chi Road to Junk CITY 700m|Roads and drainage|Rehabilitation of Chi Road to Junk CITY 700m|1680243|||Planned||||||Lusaka City Council CDF Projects for the Year 2025|https://www.lcc.gov.zm/publications/|2026-09-14|Listed in the official LCC 2025 CDF community-project schedule with an approved project amount. Implementation progress, disbursement, expenditure, contractor, beneficiaries and completion dates were not reported in this source.
LCC-CDF-PROJ-2025-028|2025|Kanyama|Chinika Ward|Rehabilitation of Our Old Lady Road-300m|Roads and drainage|Rehabilitation of Our Old Lady Road-300m|738802|||Planned||||||Lusaka City Council CDF Projects for the Year 2025|https://www.lcc.gov.zm/publications/|2026-09-14|Listed in the official LCC 2025 CDF community-project schedule with an approved project amount. Implementation progress, disbursement, expenditure, contractor, beneficiaries and completion dates were not reported in this source.
LCC-CDF-PROJ-2025-029|2025|Kanyama|Chinika Ward|Rehabilitation of Reformed Church -300m|Other community infrastructure|Rehabilitation of Reformed Church -300m|738802|||Planned||||||Lusaka City Council CDF Projects for the Year 2025|https://www.lcc.gov.zm/publications/|2026-09-14|Listed in the official LCC 2025 CDF community-project schedule with an approved project amount. Implementation progress, disbursement, expenditure, contractor, beneficiaries and completion dates were not reported in this source.
LCC-CDF-PROJ-2025-030|2025|Kanyama|Munkolo Ward|Rehabilitation of Nsanje Road -1800m|Roads and drainage|Rehabilitation of Nsanje Road -1800m|1994224|||Planned||||||Lusaka City Council CDF Projects for the Year 2025|https://www.lcc.gov.zm/publications/|2026-09-14|Listed in the official LCC 2025 CDF community-project schedule with an approved project amount. Implementation progress, disbursement, expenditure, contractor, beneficiaries and completion dates were not reported in this source.
LCC-CDF-PROJ-2025-031|2025|Kanyama|Makeni Villa Ward|Rehabilitation of the Road from Munjile Market to the shalom Road 800m|Roads and drainage|Rehabilitation of the Road from Munjile Market to the shalom Road 800m|545988|||Planned||||||Lusaka City Council CDF Projects for the Year 2025|https://www.lcc.gov.zm/publications/|2026-09-14|Listed in the official LCC 2025 CDF community-project schedule with an approved project amount. Implementation progress, disbursement, expenditure, contractor, beneficiaries and completion dates were not reported in this source.
LCC-CDF-PROJ-2025-032|2025|Kanyama|Makeni Villa Ward|Rehabilitation of Nalutete Road 800m|Roads and drainage|Rehabilitation of Nalutete Road 800m|545988|||Planned||||||Lusaka City Council CDF Projects for the Year 2025|https://www.lcc.gov.zm/publications/|2026-09-14|Listed in the official LCC 2025 CDF community-project schedule with an approved project amount. Implementation progress, disbursement, expenditure, contractor, beneficiaries and completion dates were not reported in this source.
LCC-CDF-PROJ-2025-033|2025|Kanyama|Makeni Villa Ward|Rehabilitation of UCZ to Kanyama West Road -1000m|Roads and drainage|Rehabilitation of UCZ to Kanyama West Road -1000m|776771|||Planned||||||Lusaka City Council CDF Projects for the Year 2025|https://www.lcc.gov.zm/publications/|2026-09-14|Listed in the official LCC 2025 CDF community-project schedule with an approved project amount. Implementation progress, disbursement, expenditure, contractor, beneficiaries and completion dates were not reported in this source.
LCC-CDF-PROJ-2025-034|2025|Kanyama|Kanyama Ward 13|Rehabilitation of Mukwas Road -1100m|Roads and drainage|Rehabilitation of Mukwas Road -1100m|829305|||Planned||||||Lusaka City Council CDF Projects for the Year 2025|https://www.lcc.gov.zm/publications/|2026-09-14|Listed in the official LCC 2025 CDF community-project schedule with an approved project amount. Implementation progress, disbursement, expenditure, contractor, beneficiaries and completion dates were not reported in this source.
LCC-CDF-PROJ-2025-035|2025|Kanyama|Harry Mwaanga Nkumbula Ward|Rehabilitation of Chibolya Police Road 1500m|Roads and drainage|Rehabilitation of Chibolya Police Road 1500m|1039441|||Planned||||||Lusaka City Council CDF Projects for the Year 2025|https://www.lcc.gov.zm/publications/|2026-09-14|Listed in the official LCC 2025 CDF community-project schedule with an approved project amount. Implementation progress, disbursement, expenditure, contractor, beneficiaries and completion dates were not reported in this source.
LCC-CDF-PROJ-2025-036|2025|Kanyama|Harry Mwaanga Nkumbula Ward|Rehabilitation of chishala Road 1100m|Roads and drainage|Rehabilitation of chishala Road 1100m|770855|||Planned||||||Lusaka City Council CDF Projects for the Year 2025|https://www.lcc.gov.zm/publications/|2026-09-14|Listed in the official LCC 2025 CDF community-project schedule with an approved project amount. Implementation progress, disbursement, expenditure, contractor, beneficiaries and completion dates were not reported in this source.
LCC-CDF-PROJ-2025-037|2025|Kanyama|Harry Mwaanga Nkumbula Ward|Rehabilitation of Estima Road -1100m|Roads and drainage|Rehabilitation of Estima Road -1100m|824568|||Planned||||||Lusaka City Council CDF Projects for the Year 2025|https://www.lcc.gov.zm/publications/|2026-09-14|Listed in the official LCC 2025 CDF community-project schedule with an approved project amount. Implementation progress, disbursement, expenditure, contractor, beneficiaries and completion dates were not reported in this source.
LCC-CDF-PROJ-2025-038|2025|Kanyama|Kanyama Ward 13|Construction of Terraces at Twashuka Ground|Community and recreation|Construction of Terraces at Twashuka Ground|1068530|||Planned||||||Lusaka City Council CDF Projects for the Year 2025|https://www.lcc.gov.zm/publications/|2026-09-14|Listed in the official LCC 2025 CDF community-project schedule with an approved project amount. Implementation progress, disbursement, expenditure, contractor, beneficiaries and completion dates were not reported in this source.
LCC-CDF-PROJ-2025-039|2025|Kanyama|Garden Park Ward|Completion of Maternity Wing at Dumbo Clinic|Health|Completion of Maternity Wing at Dumbo Clinic|1157020|||Planned||||||Lusaka City Council CDF Projects for the Year 2025|https://www.lcc.gov.zm/publications/|2026-09-14|Listed in the official LCC 2025 CDF community-project schedule with an approved project amount. Implementation progress, disbursement, expenditure, contractor, beneficiaries and completion dates were not reported in this source.
LCC-CDF-PROJ-2025-040|2025|Kanyama|Garden Park Ward|Construction of Police Post in Garden Ward|Public safety|Construction of Police Post in Garden Ward|1150000|||Planned||||||Lusaka City Council CDF Projects for the Year 2025|https://www.lcc.gov.zm/publications/|2026-09-14|Listed in the official LCC 2025 CDF community-project schedule with an approved project amount. Implementation progress, disbursement, expenditure, contractor, beneficiaries and completion dates were not reported in this source.
LCC-CDF-PROJ-2025-041|2025|Kanyama|Harry Mwaanga Nkumbula Ward|Construction of a Strong Room at Chibolya School|Education|Construction of a Strong Room at Chibolya School|375441|||Planned||||||Lusaka City Council CDF Projects for the Year 2025|https://www.lcc.gov.zm/publications/|2026-09-14|Listed in the official LCC 2025 CDF community-project schedule with an approved project amount. Implementation progress, disbursement, expenditure, contractor, beneficiaries and completion dates were not reported in this source.
LCC-CDF-PROJ-2025-042|2025|Kanyama|Munkolo Ward|Installation of street light along Linda Market|Roads and drainage|Installation of street light along Linda Market|950000|||Planned||||||Lusaka City Council CDF Projects for the Year 2025|https://www.lcc.gov.zm/publications/|2026-09-14|Listed in the official LCC 2025 CDF community-project schedule with an approved project amount. Implementation progress, disbursement, expenditure, contractor, beneficiaries and completion dates were not reported in this source.
LCC-CDF-PROJ-2025-043|2025|Kanyama|Garden Park Ward|Procurement of Nata Private School and Upgrading it to a Standard Government School|Roads and drainage|Procurement of Nata Private School and Upgrading it to a Standard Government School|800000|||Planned||||||Lusaka City Council CDF Projects for the Year 2025|https://www.lcc.gov.zm/publications/|2026-09-14|Listed in the official LCC 2025 CDF community-project schedule with an approved project amount. Implementation progress, disbursement, expenditure, contractor, beneficiaries and completion dates were not reported in this source.
LCC-CDF-PROJ-2025-044|2025|Kanyama|Makeni Villa Ward|Procurement of a Tractor and Trailer|Equipment and vehicles|Procurement of a Tractor and Trailer|1015882|||Planned||||||Lusaka City Council CDF Projects for the Year 2025|https://www.lcc.gov.zm/publications/|2026-09-14|Listed in the official LCC 2025 CDF community-project schedule with an approved project amount. Implementation progress, disbursement, expenditure, contractor, beneficiaries and completion dates were not reported in this source.
LCC-CDF-PROJ-2025-045|2025|Lusaka Central|Silwizya Ward|Construction of a 1x2 Science Laboratory Phase 2|Education|Construction of a 1x2 Science Laboratory Phase 2|988500|||Planned||||||Lusaka City Council CDF Projects for the Year 2025|https://www.lcc.gov.zm/publications/|2026-09-14|Listed in the official LCC 2025 CDF community-project schedule with an approved project amount. Implementation progress, disbursement, expenditure, contractor, beneficiaries and completion dates were not reported in this source.
LCC-CDF-PROJ-2025-046|2025|Lusaka Central|Silwizya Ward|Procurement of 90 Desks for Northmead 1x3|Education|Procurement of 90 Desks for Northmead 1x3|207000|||Planned||||||Lusaka City Council CDF Projects for the Year 2025|https://www.lcc.gov.zm/publications/|2026-09-14|Listed in the official LCC 2025 CDF community-project schedule with an approved project amount. Implementation progress, disbursement, expenditure, contractor, beneficiaries and completion dates were not reported in this source.
LCC-CDF-PROJ-2025-047|2025|Lusaka Central|Silwizya Ward|Procurement of 90 Desks for Thornpark Primary 1x3|Education|Procurement of 90 Desks for Thornpark Primary 1x3|207000|||Planned||||||Lusaka City Council CDF Projects for the Year 2025|https://www.lcc.gov.zm/publications/|2026-09-14|Listed in the official LCC 2025 CDF community-project schedule with an approved project amount. Implementation progress, disbursement, expenditure, contractor, beneficiaries and completion dates were not reported in this source.
LCC-CDF-PROJ-2025-048|2025|Lusaka Central|Silwizya Ward|Procurement of Northmead Lab seaters|Other community infrastructure|Procurement of Northmead Lab seaters|160000|||Planned||||||Lusaka City Council CDF Projects for the Year 2025|https://www.lcc.gov.zm/publications/|2026-09-14|Listed in the official LCC 2025 CDF community-project schedule with an approved project amount. Implementation progress, disbursement, expenditure, contractor, beneficiaries and completion dates were not reported in this source.
LCC-CDF-PROJ-2025-049|2025|Lusaka Central|Silwizya Ward|Procurement of Northmead Lab Office Equipment|Other community infrastructure|Procurement of Northmead Lab Office Equipment|80000|||Planned||||||Lusaka City Council CDF Projects for the Year 2025|https://www.lcc.gov.zm/publications/|2026-09-14|Listed in the official LCC 2025 CDF community-project schedule with an approved project amount. Implementation progress, disbursement, expenditure, contractor, beneficiaries and completion dates were not reported in this source.
LCC-CDF-PROJ-2025-050|2025|Lusaka Central|Silwizya Ward|Procurement of Northmead Library furniture|Education|Procurement of Northmead Library furniture|200000|||Planned||||||Lusaka City Council CDF Projects for the Year 2025|https://www.lcc.gov.zm/publications/|2026-09-14|Listed in the official LCC 2025 CDF community-project schedule with an approved project amount. Implementation progress, disbursement, expenditure, contractor, beneficiaries and completion dates were not reported in this source.
LCC-CDF-PROJ-2025-051|2025|Lusaka Central|Independence Ward|Construction of a 1X3 CRB-Phase 2|Education|Construction of a 1X3 CRB-Phase 2|845500|||Planned||||||Lusaka City Council CDF Projects for the Year 2025|https://www.lcc.gov.zm/publications/|2026-09-14|Listed in the official LCC 2025 CDF community-project schedule with an approved project amount. Implementation progress, disbursement, expenditure, contractor, beneficiaries and completion dates were not reported in this source.
LCC-CDF-PROJ-2025-052|2025|Lusaka Central|Independence Ward|Procurement of 90 Desks for Jacaranda 1x3 CRB|Education|Procurement of 90 Desks for Jacaranda 1x3 CRB|207000|||Planned||||||Lusaka City Council CDF Projects for the Year 2025|https://www.lcc.gov.zm/publications/|2026-09-14|Listed in the official LCC 2025 CDF community-project schedule with an approved project amount. Implementation progress, disbursement, expenditure, contractor, beneficiaries and completion dates were not reported in this source.
LCC-CDF-PROJ-2025-053|2025|Lusaka Central|Independence Ward|Construction of a Ward at Sikanze Hospital|Health|Construction of a Ward at Sikanze Hospital|2100000|||Planned||||||Lusaka City Council CDF Projects for the Year 2025|https://www.lcc.gov.zm/publications/|2026-09-14|Listed in the official LCC 2025 CDF community-project schedule with an approved project amount. Implementation progress, disbursement, expenditure, contractor, beneficiaries and completion dates were not reported in this source.
LCC-CDF-PROJ-2025-054|2025|Lusaka Central|Kabulonga Ward|Construction of a Maternity Wing-Phase 2|Health|Construction of a Maternity Wing-Phase 2|987500|||Planned||||||Lusaka City Council CDF Projects for the Year 2025|https://www.lcc.gov.zm/publications/|2026-09-14|Listed in the official LCC 2025 CDF community-project schedule with an approved project amount. Implementation progress, disbursement, expenditure, contractor, beneficiaries and completion dates were not reported in this source.
LCC-CDF-PROJ-2025-055|2025|Lusaka Central|Kabulonga Ward|Construction of a mortuary walkway (approx 80m)|Roads and drainage|Construction of a mortuary walkway (approx 80m)|475000|||Planned||||||Lusaka City Council CDF Projects for the Year 2025|https://www.lcc.gov.zm/publications/|2026-09-14|Listed in the official LCC 2025 CDF community-project schedule with an approved project amount. Implementation progress, disbursement, expenditure, contractor, beneficiaries and completion dates were not reported in this source.
LCC-CDF-PROJ-2025-056|2025|Lusaka Central|Kabulonga Ward|Procurement of 180 Desks for 1x6 CRB|Education|Procurement of 180 Desks for 1x6 CRB|414000|||Planned||||||Lusaka City Council CDF Projects for the Year 2025|https://www.lcc.gov.zm/publications/|2026-09-14|Listed in the official LCC 2025 CDF community-project schedule with an approved project amount. Implementation progress, disbursement, expenditure, contractor, beneficiaries and completion dates were not reported in this source.
LCC-CDF-PROJ-2025-057|2025|Lusaka Central|Kabulonga Ward|Procurement installation and commissioning of an incinerator|Health|Procurement installation and commissioning of an incinerator|2300000|||Planned||||||Lusaka City Council CDF Projects for the Year 2025|https://www.lcc.gov.zm/publications/|2026-09-14|Listed in the official LCC 2025 CDF community-project schedule with an approved project amount. Implementation progress, disbursement, expenditure, contractor, beneficiaries and completion dates were not reported in this source.
LCC-CDF-PROJ-2025-058|2025|Lusaka Central|Kabulonga Ward|Painting of Prince Takamado School|Education|Painting of Prince Takamado School|300000|||Planned||||||Lusaka City Council CDF Projects for the Year 2025|https://www.lcc.gov.zm/publications/|2026-09-14|Listed in the official LCC 2025 CDF community-project schedule with an approved project amount. Implementation progress, disbursement, expenditure, contractor, beneficiaries and completion dates were not reported in this source.
LCC-CDF-PROJ-2025-059|2025|Lusaka Central|Kabulonga Ward|Procurement of 3 (1x6 Mortuary refrigeration units)|Health|Procurement of 3 (1x6 Mortuary refrigeration units)|1574944|||Planned||||||Lusaka City Council CDF Projects for the Year 2025|https://www.lcc.gov.zm/publications/|2026-09-14|Listed in the official LCC 2025 CDF community-project schedule with an approved project amount. Implementation progress, disbursement, expenditure, contractor, beneficiaries and completion dates were not reported in this source.
LCC-CDF-PROJ-2025-060|2025|Lusaka Central|Lubwa Ward|Construction of an Ablution Block at Nyumba Yanga Secondary School- Phase 2|Education|Construction of an Ablution Block at Nyumba Yanga Secondary School- Phase 2|564000|||Planned||||||Lusaka City Council CDF Projects for the Year 2025|https://www.lcc.gov.zm/publications/|2026-09-14|Listed in the official LCC 2025 CDF community-project schedule with an approved project amount. Implementation progress, disbursement, expenditure, contractor, beneficiaries and completion dates were not reported in this source.
LCC-CDF-PROJ-2025-061|2025|Lusaka Central|Lubwa Ward|Rehabilitation of road Off-Manenekela road|Roads and drainage|Rehabilitation of road Off-Manenekela road|900000|||Planned||||||Lusaka City Council CDF Projects for the Year 2025|https://www.lcc.gov.zm/publications/|2026-09-14|Listed in the official LCC 2025 CDF community-project schedule with an approved project amount. Implementation progress, disbursement, expenditure, contractor, beneficiaries and completion dates were not reported in this source.
LCC-CDF-PROJ-2025-062|2025|Lusaka Central|Lubwa Ward|Rehabilitation of Lubwa Clinic road|Roads and drainage|Rehabilitation of Lubwa Clinic road|1540000|||Planned||||||Lusaka City Council CDF Projects for the Year 2025|https://www.lcc.gov.zm/publications/|2026-09-14|Listed in the official LCC 2025 CDF community-project schedule with an approved project amount. Implementation progress, disbursement, expenditure, contractor, beneficiaries and completion dates were not reported in this source.
LCC-CDF-PROJ-2025-063|2025|Lusaka Central|Lubwa Ward|Rehabilitation of Inonge Wina road|Roads and drainage|Rehabilitation of Inonge Wina road|1650000|||Planned||||||Lusaka City Council CDF Projects for the Year 2025|https://www.lcc.gov.zm/publications/|2026-09-14|Listed in the official LCC 2025 CDF community-project schedule with an approved project amount. Implementation progress, disbursement, expenditure, contractor, beneficiaries and completion dates were not reported in this source.
LCC-CDF-PROJ-2025-064|2025|Lusaka Central|Lubwa Ward|Rehabilitation of Christine Kaseba road|Roads and drainage|Rehabilitation of Christine Kaseba road|1700000|||Planned||||||Lusaka City Council CDF Projects for the Year 2025|https://www.lcc.gov.zm/publications/|2026-09-14|Listed in the official LCC 2025 CDF community-project schedule with an approved project amount. Implementation progress, disbursement, expenditure, contractor, beneficiaries and completion dates were not reported in this source.
LCC-CDF-PROJ-2025-065|2025|Lusaka Central|Lubwa Ward|Procurement of Furniture for Rockfield Police Station|Public safety|Procurement of Furniture for Rockfield Police Station|200000|||Planned||||||Lusaka City Council CDF Projects for the Year 2025|https://www.lcc.gov.zm/publications/|2026-09-14|Listed in the official LCC 2025 CDF community-project schedule with an approved project amount. Implementation progress, disbursement, expenditure, contractor, beneficiaries and completion dates were not reported in this source.
LCC-CDF-PROJ-2025-066|2025|Lusaka Central|Lubwa Ward|Procurement of Furniture for Long Acres Police Post|Public safety|Procurement of Furniture for Long Acres Police Post|150000|||Planned||||||Lusaka City Council CDF Projects for the Year 2025|https://www.lcc.gov.zm/publications/|2026-09-14|Listed in the official LCC 2025 CDF community-project schedule with an approved project amount. Implementation progress, disbursement, expenditure, contractor, beneficiaries and completion dates were not reported in this source.
LCC-CDF-PROJ-2025-067|2025|Mandevu|Roma Ward|Classroom 1x3 CRB @ Chaisa Phase II|Education|Classroom 1x3 CRB @ Chaisa Phase II|1200000|||Planned||||||Lusaka City Council CDF Projects for the Year 2025|https://www.lcc.gov.zm/publications/|2026-09-14|Listed in the official LCC 2025 CDF community-project schedule with an approved project amount. Implementation progress, disbursement, expenditure, contractor, beneficiaries and completion dates were not reported in this source.
LCC-CDF-PROJ-2025-068|2025|Mandevu|Ngwerere Ward|Classsroom 1x3 CRB @ Ngwerere Phase II|Education|Classsroom 1x3 CRB @ Ngwerere Phase II|1200000|||Planned||||||Lusaka City Council CDF Projects for the Year 2025|https://www.lcc.gov.zm/publications/|2026-09-14|Listed in the official LCC 2025 CDF community-project schedule with an approved project amount. Implementation progress, disbursement, expenditure, contractor, beneficiaries and completion dates were not reported in this source.
LCC-CDF-PROJ-2025-069|2025|Mandevu|Mulungushi Ward|Classroom 1x3 CRB @ Olympia Phase II|Education|Classroom 1x3 CRB @ Olympia Phase II|1200000|||Planned||||||Lusaka City Council CDF Projects for the Year 2025|https://www.lcc.gov.zm/publications/|2026-09-14|Listed in the official LCC 2025 CDF community-project schedule with an approved project amount. Implementation progress, disbursement, expenditure, contractor, beneficiaries and completion dates were not reported in this source.
LCC-CDF-PROJ-2025-070|2025|Mandevu|Mpulungu Ward|Bwafwano Ground Phase II-Mpulungu Ward|Community and recreation|Bwafwano Ground Phase II-Mpulungu Ward|1200000|||Planned||||||Lusaka City Council CDF Projects for the Year 2025|https://www.lcc.gov.zm/publications/|2026-09-14|Listed in the official LCC 2025 CDF community-project schedule with an approved project amount. Implementation progress, disbursement, expenditure, contractor, beneficiaries and completion dates were not reported in this source.
LCC-CDF-PROJ-2025-071|2025|Mandevu|Roma Ward|Kasisi Health Post -Roma Ward|Health|Kasisi Health Post -Roma Ward|980000|||Planned||||||Lusaka City Council CDF Projects for the Year 2025|https://www.lcc.gov.zm/publications/|2026-09-14|Listed in the official LCC 2025 CDF community-project schedule with an approved project amount. Implementation progress, disbursement, expenditure, contractor, beneficiaries and completion dates were not reported in this source.
LCC-CDF-PROJ-2025-072|2025|Mandevu|Kabanana Ward|Construction of Maternity Wing at Kabanana-Kabanana Ward|Health|Construction of Maternity Wing at Kabanana-Kabanana Ward|2200000|||Planned||||||Lusaka City Council CDF Projects for the Year 2025|https://www.lcc.gov.zm/publications/|2026-09-14|Listed in the official LCC 2025 CDF community-project schedule with an approved project amount. Implementation progress, disbursement, expenditure, contractor, beneficiaries and completion dates were not reported in this source.
LCC-CDF-PROJ-2025-073|2025|Mandevu|Mpulungu Ward|Construction of Kabangwe Police Post, Joint project with Katuba-Mpulungu Ward|Public safety|Construction of Kabangwe Police Post, Joint project with Katuba-Mpulungu Ward|1360000|||Planned||||||Lusaka City Council CDF Projects for the Year 2025|https://www.lcc.gov.zm/publications/|2026-09-14|Listed in the official LCC 2025 CDF community-project schedule with an approved project amount. Implementation progress, disbursement, expenditure, contractor, beneficiaries and completion dates were not reported in this source.
LCC-CDF-PROJ-2025-074|2025|Mandevu|Ngwerere Ward|Garden market shelter-Ngwerere Ward|Markets and commerce|Garden market shelter-Ngwerere Ward|826000|||Planned||||||Lusaka City Council CDF Projects for the Year 2025|https://www.lcc.gov.zm/publications/|2026-09-14|Listed in the official LCC 2025 CDF community-project schedule with an approved project amount. Implementation progress, disbursement, expenditure, contractor, beneficiaries and completion dates were not reported in this source.
LCC-CDF-PROJ-2025-075|2025|Mandevu|Mpulungu Ward|Classroom block1x4 @ Chipata Primary School|Education|Classroom block1x4 @ Chipata Primary School|2200000|||Planned||||||Lusaka City Council CDF Projects for the Year 2025|https://www.lcc.gov.zm/publications/|2026-09-14|Listed in the official LCC 2025 CDF community-project schedule with an approved project amount. Implementation progress, disbursement, expenditure, contractor, beneficiaries and completion dates were not reported in this source.
LCC-CDF-PROJ-2025-076|2025|Mandevu|Kabanana Ward|Classroom Block 1x4 @ Old Kabanana|Education|Classroom Block 1x4 @ Old Kabanana|2200000|||Planned||||||Lusaka City Council CDF Projects for the Year 2025|https://www.lcc.gov.zm/publications/|2026-09-14|Listed in the official LCC 2025 CDF community-project schedule with an approved project amount. Implementation progress, disbursement, expenditure, contractor, beneficiaries and completion dates were not reported in this source.
LCC-CDF-PROJ-2025-077|2025|Mandevu|Justin Kabwe Ward|Classroom 1x4 @ Mutambe Primary|Education|Classroom 1x4 @ Mutambe Primary|2200000|||Planned||||||Lusaka City Council CDF Projects for the Year 2025|https://www.lcc.gov.zm/publications/|2026-09-14|Listed in the official LCC 2025 CDF community-project schedule with an approved project amount. Implementation progress, disbursement, expenditure, contractor, beneficiaries and completion dates were not reported in this source.
LCC-CDF-PROJ-2025-078|2025|Mandevu|Roma Ward|Fremelio Football Ground-Roma Ward|Community and recreation|Fremelio Football Ground-Roma Ward|984444|||Planned||||||Lusaka City Council CDF Projects for the Year 2025|https://www.lcc.gov.zm/publications/|2026-09-14|Listed in the official LCC 2025 CDF community-project schedule with an approved project amount. Implementation progress, disbursement, expenditure, contractor, beneficiaries and completion dates were not reported in this source.
LCC-CDF-PROJ-2025-079|2025|Matero|Muchinga Ward|Matero Community Recreation Centre (Gym)|Community and recreation|Matero Community Recreation Centre (Gym)|1500000|||Planned||||||Lusaka City Council CDF Projects for the Year 2025|https://www.lcc.gov.zm/publications/|2026-09-14|Listed in the official LCC 2025 CDF community-project schedule with an approved project amount. Implementation progress, disbursement, expenditure, contractor, beneficiaries and completion dates were not reported in this source.
LCC-CDF-PROJ-2025-080|2025|Matero|Muchinga Ward|Matero Girls Bridge|Roads and drainage|Matero Girls Bridge|823735|||Planned||||||Lusaka City Council CDF Projects for the Year 2025|https://www.lcc.gov.zm/publications/|2026-09-14|Listed in the official LCC 2025 CDF community-project schedule with an approved project amount. Implementation progress, disbursement, expenditure, contractor, beneficiaries and completion dates were not reported in this source.
LCC-CDF-PROJ-2025-081|2025|Matero|Muchinga Ward|Matero Hospital Mortuary|Health|Matero Hospital Mortuary|1200000|||Planned||||||Lusaka City Council CDF Projects for the Year 2025|https://www.lcc.gov.zm/publications/|2026-09-14|Listed in the official LCC 2025 CDF community-project schedule with an approved project amount. Implementation progress, disbursement, expenditure, contractor, beneficiaries and completion dates were not reported in this source.
LCC-CDF-PROJ-2025-082|2025|Matero|Lima Ward|Railside Katambalala Market|Markets and commerce|Railside Katambalala Market|1700000|||Planned||||||Lusaka City Council CDF Projects for the Year 2025|https://www.lcc.gov.zm/publications/|2026-09-14|Listed in the official LCC 2025 CDF community-project schedule with an approved project amount. Implementation progress, disbursement, expenditure, contractor, beneficiaries and completion dates were not reported in this source.
LCC-CDF-PROJ-2025-083|2025|Matero|Lima Ward|Katambalala Market road Lighting|Roads and drainage|Katambalala Market road Lighting|404754|||Planned||||||Lusaka City Council CDF Projects for the Year 2025|https://www.lcc.gov.zm/publications/|2026-09-14|Listed in the official LCC 2025 CDF community-project schedule with an approved project amount. Implementation progress, disbursement, expenditure, contractor, beneficiaries and completion dates were not reported in this source.
LCC-CDF-PROJ-2025-084|2025|Matero|Lima Ward|Lubuto Water System|Water and sanitation|Lubuto Water System|260000|||Planned||||||Lusaka City Council CDF Projects for the Year 2025|https://www.lcc.gov.zm/publications/|2026-09-14|Listed in the official LCC 2025 CDF community-project schedule with an approved project amount. Implementation progress, disbursement, expenditure, contractor, beneficiaries and completion dates were not reported in this source.
LCC-CDF-PROJ-2025-085|2025|Matero|Matero Ward 32|Kasamba Secondary School|Education|Kasamba Secondary School|2390000|||Planned||||||Lusaka City Council CDF Projects for the Year 2025|https://www.lcc.gov.zm/publications/|2026-09-14|Listed in the official LCC 2025 CDF community-project schedule with an approved project amount. Implementation progress, disbursement, expenditure, contractor, beneficiaries and completion dates were not reported in this source.
LCC-CDF-PROJ-2025-086|2025|Matero|Mwembeshi Ward|Mwembeshi School land|Education|Mwembeshi School land|4633250|||Planned||||||Lusaka City Council CDF Projects for the Year 2025|https://www.lcc.gov.zm/publications/|2026-09-14|Listed in the official LCC 2025 CDF community-project schedule with an approved project amount. Implementation progress, disbursement, expenditure, contractor, beneficiaries and completion dates were not reported in this source.
LCC-CDF-PROJ-2025-087|2025|Matero|Mwembeshi Ward|Chungu market|Markets and commerce|Chungu market|230219|||Planned||||||Lusaka City Council CDF Projects for the Year 2025|https://www.lcc.gov.zm/publications/|2026-09-14|Listed in the official LCC 2025 CDF community-project schedule with an approved project amount. Implementation progress, disbursement, expenditure, contractor, beneficiaries and completion dates were not reported in this source.
LCC-CDF-PROJ-2025-088|2025|Matero|Mwembeshi Ward|Chunga Clinic|Health|Chunga Clinic|1250000|||Planned||||||Lusaka City Council CDF Projects for the Year 2025|https://www.lcc.gov.zm/publications/|2026-09-14|Listed in the official LCC 2025 CDF community-project schedule with an approved project amount. Implementation progress, disbursement, expenditure, contractor, beneficiaries and completion dates were not reported in this source.
LCC-CDF-PROJ-2025-089|2025|Matero|Mwembeshi Ward|Mwembeshi Police|Public safety|Mwembeshi Police|870000|||Planned||||||Lusaka City Council CDF Projects for the Year 2025|https://www.lcc.gov.zm/publications/|2026-09-14|Listed in the official LCC 2025 CDF community-project schedule with an approved project amount. Implementation progress, disbursement, expenditure, contractor, beneficiaries and completion dates were not reported in this source.
LCC-CDF-PROJ-2025-090|2025|Matero|Kapwepwe Ward|Kapwepwe Ward Street lighting|Roads and drainage|Kapwepwe Ward Street lighting|360000|||Planned||||||Lusaka City Council CDF Projects for the Year 2025|https://www.lcc.gov.zm/publications/|2026-09-14|Listed in the official LCC 2025 CDF community-project schedule with an approved project amount. Implementation progress, disbursement, expenditure, contractor, beneficiaries and completion dates were not reported in this source.
LCC-CDF-PROJ-2025-091|2025|Matero|Kapwepwe Ward|Kapwepwe Skills Development|Other community infrastructure|Kapwepwe Skills Development|2000000|||Planned||||||Lusaka City Council CDF Projects for the Year 2025|https://www.lcc.gov.zm/publications/|2026-09-14|Listed in the official LCC 2025 CDF community-project schedule with an approved project amount. Implementation progress, disbursement, expenditure, contractor, beneficiaries and completion dates were not reported in this source.
LCC-CDF-PROJ-2025-092|2025|Munali|Munali Ward|2x3 CRB At Kaunda Square|Education|2x3 CRB At Kaunda Square|1526315|||Planned||||||Lusaka City Council CDF Projects for the Year 2025|https://www.lcc.gov.zm/publications/|2026-09-14|Listed in the official LCC 2025 CDF community-project schedule with an approved project amount. Implementation progress, disbursement, expenditure, contractor, beneficiaries and completion dates were not reported in this source.
LCC-CDF-PROJ-2025-093|2025|Munali|Munali Ward|Solar Panels At Kaunda Square Clinic|Health|Solar Panels At Kaunda Square Clinic|373684|||Planned||||||Lusaka City Council CDF Projects for the Year 2025|https://www.lcc.gov.zm/publications/|2026-09-14|Listed in the official LCC 2025 CDF community-project schedule with an approved project amount. Implementation progress, disbursement, expenditure, contractor, beneficiaries and completion dates were not reported in this source.
LCC-CDF-PROJ-2025-094|2025|Munali|Chankunkula Ward|Muntanga And Mubanga Road – 1,090km.|Roads and drainage|Muntanga And Mubanga Road – 1,090km.|1827086|||Planned||||||Lusaka City Council CDF Projects for the Year 2025|https://www.lcc.gov.zm/publications/|2026-09-14|Listed in the official LCC 2025 CDF community-project schedule with an approved project amount. Implementation progress, disbursement, expenditure, contractor, beneficiaries and completion dates were not reported in this source.
LCC-CDF-PROJ-2025-095|2025|Munali|Chankunkula Ward|Nkoloma Road|Roads and drainage|Nkoloma Road|1115750|||Planned||||||Lusaka City Council CDF Projects for the Year 2025|https://www.lcc.gov.zm/publications/|2026-09-14|Listed in the official LCC 2025 CDF community-project schedule with an approved project amount. Implementation progress, disbursement, expenditure, contractor, beneficiaries and completion dates were not reported in this source.
LCC-CDF-PROJ-2025-096|2025|Munali|Kalingalinga Ward|Storage Facility For Medicine At Kalingalinga Clinic|Health|Storage Facility For Medicine At Kalingalinga Clinic|1235561|||Planned||||||Lusaka City Council CDF Projects for the Year 2025|https://www.lcc.gov.zm/publications/|2026-09-14|Listed in the official LCC 2025 CDF community-project schedule with an approved project amount. Implementation progress, disbursement, expenditure, contractor, beneficiaries and completion dates were not reported in this source.
LCC-CDF-PROJ-2025-097|2025|Munali|Kalingalinga Ward|Solar Panels At Kalingalinga Clinic|Health|Solar Panels At Kalingalinga Clinic|978359|||Planned||||||Lusaka City Council CDF Projects for the Year 2025|https://www.lcc.gov.zm/publications/|2026-09-14|Listed in the official LCC 2025 CDF community-project schedule with an approved project amount. Implementation progress, disbursement, expenditure, contractor, beneficiaries and completion dates were not reported in this source.
LCC-CDF-PROJ-2025-098|2025|Munali|Kalingalinga Ward|Solar Panels At Kalingalinga Police|Public safety|Solar Panels At Kalingalinga Police|197112|||Planned||||||Lusaka City Council CDF Projects for the Year 2025|https://www.lcc.gov.zm/publications/|2026-09-14|Listed in the official LCC 2025 CDF community-project schedule with an approved project amount. Implementation progress, disbursement, expenditure, contractor, beneficiaries and completion dates were not reported in this source.
LCC-CDF-PROJ-2025-099|2025|Munali|Kalingalinga Ward|Rehabilitation Of The Road From Police Post To All Nations-0.45km|Roads and drainage|Rehabilitation Of The Road From Police Post To All Nations-0.45km|467366|||Planned||||||Lusaka City Council CDF Projects for the Year 2025|https://www.lcc.gov.zm/publications/|2026-09-14|Listed in the official LCC 2025 CDF community-project schedule with an approved project amount. Implementation progress, disbursement, expenditure, contractor, beneficiaries and completion dates were not reported in this source.
LCC-CDF-PROJ-2025-100|2025|Munali|Mtendere Ward|Mahatma Gandhi Community Ground Phase|Community and recreation|Mahatma Gandhi Community Ground Phase|866578|||Planned||||||Lusaka City Council CDF Projects for the Year 2025|https://www.lcc.gov.zm/publications/|2026-09-14|Listed in the official LCC 2025 CDF community-project schedule with an approved project amount. Implementation progress, disbursement, expenditure, contractor, beneficiaries and completion dates were not reported in this source.
LCC-CDF-PROJ-2025-101|2025|Munali|Mtendere Ward|Natweshe Road-0.7km|Roads and drainage|Natweshe Road-0.7km|1201577|||Planned||||||Lusaka City Council CDF Projects for the Year 2025|https://www.lcc.gov.zm/publications/|2026-09-14|Listed in the official LCC 2025 CDF community-project schedule with an approved project amount. Implementation progress, disbursement, expenditure, contractor, beneficiaries and completion dates were not reported in this source.
LCC-CDF-PROJ-2025-102|2025|Munali|Mtendere Ward|Church Road-0.430km|Roads and drainage|Church Road-0.430km|826268|||Planned||||||Lusaka City Council CDF Projects for the Year 2025|https://www.lcc.gov.zm/publications/|2026-09-14|Listed in the official LCC 2025 CDF community-project schedule with an approved project amount. Implementation progress, disbursement, expenditure, contractor, beneficiaries and completion dates were not reported in this source.
LCC-CDF-PROJ-2025-103|2025|Munali|Chainda Ward|House At Chainda Primary School Phase 2|Education|House At Chainda Primary School Phase 2|680000|||Planned||||||Lusaka City Council CDF Projects for the Year 2025|https://www.lcc.gov.zm/publications/|2026-09-14|Listed in the official LCC 2025 CDF community-project schedule with an approved project amount. Implementation progress, disbursement, expenditure, contractor, beneficiaries and completion dates were not reported in this source.
LCC-CDF-PROJ-2025-104|2025|Munali|Chainda Ward|The Road From Popular To Eucalyptus– 0.45km|Roads and drainage|The Road From Popular To Eucalyptus– 0.45km|772443|||Planned||||||Lusaka City Council CDF Projects for the Year 2025|https://www.lcc.gov.zm/publications/|2026-09-14|Listed in the official LCC 2025 CDF community-project schedule with an approved project amount. Implementation progress, disbursement, expenditure, contractor, beneficiaries and completion dates were not reported in this source.
LCC-CDF-PROJ-2025-105|2025|Munali|Chainda Ward|Drainage Construction At Chainda Primary School|Roads and drainage|Drainage Construction At Chainda Primary School|997859|||Planned||||||Lusaka City Council CDF Projects for the Year 2025|https://www.lcc.gov.zm/publications/|2026-09-14|Listed in the official LCC 2025 CDF community-project schedule with an approved project amount. Implementation progress, disbursement, expenditure, contractor, beneficiaries and completion dates were not reported in this source.
LCC-CDF-PROJ-2025-106|2025|Munali|Kalikiliki Ward|Kalikiliki Road – 0.43km|Roads and drainage|Kalikiliki Road – 0.43km|452201|||Planned||||||Lusaka City Council CDF Projects for the Year 2025|https://www.lcc.gov.zm/publications/|2026-09-14|Listed in the official LCC 2025 CDF community-project schedule with an approved project amount. Implementation progress, disbursement, expenditure, contractor, beneficiaries and completion dates were not reported in this source.
LCC-CDF-PROJ-2025-107|2025|Munali|Kalikiliki Ward|Komboni Road – 0.3km|Roads and drainage|Komboni Road – 0.3km|428225|||Planned||||||Lusaka City Council CDF Projects for the Year 2025|https://www.lcc.gov.zm/publications/|2026-09-14|Listed in the official LCC 2025 CDF community-project schedule with an approved project amount. Implementation progress, disbursement, expenditure, contractor, beneficiaries and completion dates were not reported in this source.
LCC-CDF-PROJ-2025-108|2025|Munali|Kalikiliki Ward|Weba Road –0.6km|Roads and drainage|Weba Road –0.6km|1029923|||Planned||||||Lusaka City Council CDF Projects for the Year 2025|https://www.lcc.gov.zm/publications/|2026-09-14|Listed in the official LCC 2025 CDF community-project schedule with an approved project amount. Implementation progress, disbursement, expenditure, contractor, beneficiaries and completion dates were not reported in this source.
LCC-CDF-PROJ-2025-109|2025|Munali|Kalikiliki Ward|Watchtower Road-0.6km|Roads and drainage|Watchtower Road-0.6km|1029923|||Planned||||||Lusaka City Council CDF Projects for the Year 2025|https://www.lcc.gov.zm/publications/|2026-09-14|Listed in the official LCC 2025 CDF community-project schedule with an approved project amount. Implementation progress, disbursement, expenditure, contractor, beneficiaries and completion dates were not reported in this source.
LCC-CDF-PROJ-2025-110|2025|Munali|Munali Ward|Kaunda Square Community Ground|Community and recreation|Kaunda Square Community Ground|1650000|||Planned||||||Lusaka City Council CDF Projects for the Year 2025|https://www.lcc.gov.zm/publications/|2026-09-14|Listed in the official LCC 2025 CDF community-project schedule with an approved project amount. Implementation progress, disbursement, expenditure, contractor, beneficiaries and completion dates were not reported in this source.
LCC-CDF-DEFER-001||Chawama|Lilayi Ward|Paving of arterial roads in freedom compound|Roads and drainage|Paving of arterial roads in freedom compound||||Deferred||||||Lusaka City Council List of Proposed Projects and Simple Justification for Defering|https://www.lcc.gov.zm/publications/|2026-09-14|The official LCC source lists this proposed project as deferred because sufficient funding was not available. The source does not state the financial year, approved budget, disbursement, expenditure, contractor, beneficiaries or completion date. Source page: 1.
LCC-CDF-DEFER-002||Chawama||Paving of Anglican road from chifundo junction to cheshire home Chawama|Roads and drainage|Paving of Anglican road from chifundo junction to cheshire home Chawama||||Deferred||||||Lusaka City Council List of Proposed Projects and Simple Justification for Defering|https://www.lcc.gov.zm/publications/|2026-09-14|The official LCC source lists this proposed project as deferred because sufficient funding was not available. The source does not state the financial year, approved budget, disbursement, expenditure, contractor, beneficiaries or completion date. Source page: 1. The ward was unclear and was left blank.
LCC-CDF-DEFER-003||Chawama||Paving of the road behind chawama school opposite Anglican church to patuka road Chawama|Roads and drainage|Paving of the road behind chawama school opposite Anglican church to patuka road Chawama||||Deferred||||||Lusaka City Council List of Proposed Projects and Simple Justification for Defering|https://www.lcc.gov.zm/publications/|2026-09-14|The official LCC source lists this proposed project as deferred because sufficient funding was not available. The source does not state the financial year, approved budget, disbursement, expenditure, contractor, beneficiaries or completion date. Source page: 1. The ward was unclear and was left blank.
LCC-CDF-DEFER-004||Chawama||Paving of green carpet road in kuomboka ZNS zone Chawama|Roads and drainage|Paving of green carpet road in kuomboka ZNS zone Chawama||||Deferred||||||Lusaka City Council List of Proposed Projects and Simple Justification for Defering|https://www.lcc.gov.zm/publications/|2026-09-14|The official LCC source lists this proposed project as deferred because sufficient funding was not available. The source does not state the financial year, approved budget, disbursement, expenditure, contractor, beneficiaries or completion date. Source page: 1. The ward was unclear and was left blank.
LCC-CDF-DEFER-005||Chawama|John Howard Ward|Paving of Mungwaluku road (300 meters)|Roads and drainage|Paving of Mungwaluku road (300 meters)||||Deferred||||||Lusaka City Council List of Proposed Projects and Simple Justification for Defering|https://www.lcc.gov.zm/publications/|2026-09-14|The official LCC source lists this proposed project as deferred because sufficient funding was not available. The source does not state the financial year, approved budget, disbursement, expenditure, contractor, beneficiaries or completion date. Source page: 1.
LCC-CDF-DEFER-006||Chawama||Paving of Ngwenya road Drainage and construction|Roads and drainage|Paving of Ngwenya road Drainage and construction||||Deferred||||||Lusaka City Council List of Proposed Projects and Simple Justification for Defering|https://www.lcc.gov.zm/publications/|2026-09-14|The official LCC source lists this proposed project as deferred because sufficient funding was not available. The source does not state the financial year, approved budget, disbursement, expenditure, contractor, beneficiaries or completion date. Source page: 1. The ward was unclear and was left blank.
LCC-CDF-DEFER-007||Chawama||Paving of Dili road and Drainage construction|Roads and drainage|Paving of Dili road and Drainage construction||||Deferred||||||Lusaka City Council List of Proposed Projects and Simple Justification for Defering|https://www.lcc.gov.zm/publications/|2026-09-14|The official LCC source lists this proposed project as deferred because sufficient funding was not available. The source does not state the financial year, approved budget, disbursement, expenditure, contractor, beneficiaries or completion date. Source page: 1. The ward was unclear and was left blank.
LCC-CDF-DEFER-008||Chawama||Construction of kuku health post/OPD and Ablution Block|Health|Construction of kuku health post/OPD and Ablution Block||||Deferred||||||Lusaka City Council List of Proposed Projects and Simple Justification for Defering|https://www.lcc.gov.zm/publications/|2026-09-14|The official LCC source lists this proposed project as deferred because sufficient funding was not available. The source does not state the financial year, approved budget, disbursement, expenditure, contractor, beneficiaries or completion date. Source page: 1. The ward was unclear and was left blank.
LCC-CDF-DEFER-009||Kabwata||Grading and gravelling of Nkanka Road|Roads and drainage|Grading and gravelling of Nkanka Road||||Deferred||||||Lusaka City Council List of Proposed Projects and Simple Justification for Defering|https://www.lcc.gov.zm/publications/|2026-09-14|The official LCC source lists this proposed project as deferred because sufficient funding was not available. The source does not state the financial year, approved budget, disbursement, expenditure, contractor, beneficiaries or completion date. Source page: 2. The ward was unclear and was left blank.
LCC-CDF-DEFER-010||Kabwata||Grading and gravelling of Lui Road|Roads and drainage|Grading and gravelling of Lui Road||||Deferred||||||Lusaka City Council List of Proposed Projects and Simple Justification for Defering|https://www.lcc.gov.zm/publications/|2026-09-14|The official LCC source lists this proposed project as deferred because sufficient funding was not available. The source does not state the financial year, approved budget, disbursement, expenditure, contractor, beneficiaries or completion date. Source page: 2. The ward was unclear and was left blank.
LCC-CDF-DEFER-011||Kabwata||Grading and gravelling of Lusitu Road|Roads and drainage|Grading and gravelling of Lusitu Road||||Deferred||||||Lusaka City Council List of Proposed Projects and Simple Justification for Defering|https://www.lcc.gov.zm/publications/|2026-09-14|The official LCC source lists this proposed project as deferred because sufficient funding was not available. The source does not state the financial year, approved budget, disbursement, expenditure, contractor, beneficiaries or completion date. Source page: 2. The ward was unclear and was left blank.
LCC-CDF-DEFER-012||Kabwata||Paving of walk way sides along Joe Chibangu Road|Roads and drainage|Paving of walk way sides along Joe Chibangu Road||||Deferred||||||Lusaka City Council List of Proposed Projects and Simple Justification for Defering|https://www.lcc.gov.zm/publications/|2026-09-14|The official LCC source lists this proposed project as deferred because sufficient funding was not available. The source does not state the financial year, approved budget, disbursement, expenditure, contractor, beneficiaries or completion date. Source page: 2. The ward was unclear and was left blank.
LCC-CDF-DEFER-013||Kabwata||Fencing of Old Chilenje Grave Yard|Other community infrastructure|Fencing of Old Chilenje Grave Yard||||Deferred||||||Lusaka City Council List of Proposed Projects and Simple Justification for Defering|https://www.lcc.gov.zm/publications/|2026-09-14|The official LCC source lists this proposed project as deferred because sufficient funding was not available. The source does not state the financial year, approved budget, disbursement, expenditure, contractor, beneficiaries or completion date. Source page: 2. The ward was unclear and was left blank.
LCC-CDF-DEFER-014||Kabwata||Construction of Ablution block at Hilview Primary School|Education|Construction of Ablution block at Hilview Primary School||||Deferred||||||Lusaka City Council List of Proposed Projects and Simple Justification for Defering|https://www.lcc.gov.zm/publications/|2026-09-14|The official LCC source lists this proposed project as deferred because sufficient funding was not available. The source does not state the financial year, approved budget, disbursement, expenditure, contractor, beneficiaries or completion date. Source page: 2. The ward was unclear and was left blank.
LCC-CDF-DEFER-015||Kabwata|Libala Ward|Drainage maintenance in the|Roads and drainage|Drainage maintenance in the||||Deferred||||||Lusaka City Council List of Proposed Projects and Simple Justification for Defering|https://www.lcc.gov.zm/publications/|2026-09-14|The official LCC source lists this proposed project as deferred because sufficient funding was not available. The source does not state the financial year, approved budget, disbursement, expenditure, contractor, beneficiaries or completion date. Source page: 2.
LCC-CDF-DEFER-016||Kabwata|Libala Ward|Construction of footpath|Other community infrastructure|Construction of footpath||||Deferred||||||Lusaka City Council List of Proposed Projects and Simple Justification for Defering|https://www.lcc.gov.zm/publications/|2026-09-14|The official LCC source lists this proposed project as deferred because sufficient funding was not available. The source does not state the financial year, approved budget, disbursement, expenditure, contractor, beneficiaries or completion date. Source page: 2.
LCC-CDF-DEFER-017||Kabwata|Libala Ward|Construction of feeder road Yembe/Musuku Roads|Roads and drainage|Construction of feeder road Yembe/Musuku Roads||||Deferred||||||Lusaka City Council List of Proposed Projects and Simple Justification for Defering|https://www.lcc.gov.zm/publications/|2026-09-14|The official LCC source lists this proposed project as deferred because sufficient funding was not available. The source does not state the financial year, approved budget, disbursement, expenditure, contractor, beneficiaries or completion date. Source page: 2.
LCC-CDF-DEFER-018||Kabwata|Libala Ward|Procurement of pool tables and Marquee tent|Other community infrastructure|Procurement of pool tables and Marquee tent||||Deferred||||||Lusaka City Council List of Proposed Projects and Simple Justification for Defering|https://www.lcc.gov.zm/publications/|2026-09-14|The official LCC source lists this proposed project as deferred because sufficient funding was not available. The source does not state the financial year, approved budget, disbursement, expenditure, contractor, beneficiaries or completion date. Source page: 2.
LCC-CDF-DEFER-019||Kabwata|Libala Ward|Procurement of jumping castle for the youth park|Community and recreation|Procurement of jumping castle for the youth park||||Deferred||||||Lusaka City Council List of Proposed Projects and Simple Justification for Defering|https://www.lcc.gov.zm/publications/|2026-09-14|The official LCC source lists this proposed project as deferred because sufficient funding was not available. The source does not state the financial year, approved budget, disbursement, expenditure, contractor, beneficiaries or completion date. Source page: 2.
LCC-CDF-DEFER-020||Kanyama|Garden Park Ward|Construction of a school|Education|Construction of a school||||Deferred||||||Lusaka City Council List of Proposed Projects and Simple Justification for Defering|https://www.lcc.gov.zm/publications/|2026-09-14|The official LCC source lists this proposed project as deferred because sufficient funding was not available. The source does not state the financial year, approved budget, disbursement, expenditure, contractor, beneficiaries or completion date. Source page: 3.
LCC-CDF-DEFER-021||Kanyama|Garden Park Ward|Construction of selected roads|Roads and drainage|Construction of selected roads||||Deferred||||||Lusaka City Council List of Proposed Projects and Simple Justification for Defering|https://www.lcc.gov.zm/publications/|2026-09-14|The official LCC source lists this proposed project as deferred because sufficient funding was not available. The source does not state the financial year, approved budget, disbursement, expenditure, contractor, beneficiaries or completion date. Source page: 3.
LCC-CDF-DEFER-022||Kanyama||Paving of Kampasa, Lavana and Zamefa roads|Roads and drainage|Paving of Kampasa, Lavana and Zamefa roads||||Deferred||||||Lusaka City Council List of Proposed Projects and Simple Justification for Defering|https://www.lcc.gov.zm/publications/|2026-09-14|The official LCC source lists this proposed project as deferred because sufficient funding was not available. The source does not state the financial year, approved budget, disbursement, expenditure, contractor, beneficiaries or completion date. Source page: 3. The ward was unclear and was left blank.
LCC-CDF-DEFER-023||Kanyama||Procurement of community school desks for Manchilla and chibolya|Education|Procurement of community school desks for Manchilla and chibolya||||Deferred||||||Lusaka City Council List of Proposed Projects and Simple Justification for Defering|https://www.lcc.gov.zm/publications/|2026-09-14|The official LCC source lists this proposed project as deferred because sufficient funding was not available. The source does not state the financial year, approved budget, disbursement, expenditure, contractor, beneficiaries or completion date. Source page: 3. The ward was unclear and was left blank.
LCC-CDF-DEFER-024||Kanyama||CLASSROOM BLOCK FOR CHIBOLYA COMBINED SCHOOL|Education|CLASSROOM BLOCK FOR CHIBOLYA COMBINED SCHOOL||||Deferred||||||Lusaka City Council List of Proposed Projects and Simple Justification for Defering|https://www.lcc.gov.zm/publications/|2026-09-14|The official LCC source lists this proposed project as deferred because sufficient funding was not available. The source does not state the financial year, approved budget, disbursement, expenditure, contractor, beneficiaries or completion date. Source page: 3. The ward was unclear and was left blank.
LCC-CDF-DEFER-025||Kanyama||Rehabilitation of Market toilet|Markets and commerce|Rehabilitation of Market toilet||||Deferred||||||Lusaka City Council List of Proposed Projects and Simple Justification for Defering|https://www.lcc.gov.zm/publications/|2026-09-14|The official LCC source lists this proposed project as deferred because sufficient funding was not available. The source does not state the financial year, approved budget, disbursement, expenditure, contractor, beneficiaries or completion date. Source page: 3. The ward was unclear and was left blank.
LCC-CDF-DEFER-026||Kanyama||Construction of modern market at kampasa|Markets and commerce|Construction of modern market at kampasa||||Deferred||||||Lusaka City Council List of Proposed Projects and Simple Justification for Defering|https://www.lcc.gov.zm/publications/|2026-09-14|The official LCC source lists this proposed project as deferred because sufficient funding was not available. The source does not state the financial year, approved budget, disbursement, expenditure, contractor, beneficiaries or completion date. Source page: 3. The ward was unclear and was left blank.
LCC-CDF-DEFER-027||Kanyama|Makeni Villa Ward|Construction of the Maternity and OPD at Makeni Villa Clinic|Health|Construction of the Maternity and OPD at Makeni Villa Clinic||||Deferred||||||Lusaka City Council List of Proposed Projects and Simple Justification for Defering|https://www.lcc.gov.zm/publications/|2026-09-14|The official LCC source lists this proposed project as deferred because sufficient funding was not available. The source does not state the financial year, approved budget, disbursement, expenditure, contractor, beneficiaries or completion date. Source page: 3.
LCC-CDF-DEFER-028||Kanyama|Makeni Villa Ward|Construction of school from grade 1 to 12|Education|Construction of school from grade 1 to 12||||Deferred||||||Lusaka City Council List of Proposed Projects and Simple Justification for Defering|https://www.lcc.gov.zm/publications/|2026-09-14|The official LCC source lists this proposed project as deferred because sufficient funding was not available. The source does not state the financial year, approved budget, disbursement, expenditure, contractor, beneficiaries or completion date. Source page: 3.
LCC-CDF-DEFER-029||Kanyama|Makeni Villa Ward|Construction of Ablution block at Kanyama West clinic|Health|Construction of Ablution block at Kanyama West clinic||||Deferred||||||Lusaka City Council List of Proposed Projects and Simple Justification for Defering|https://www.lcc.gov.zm/publications/|2026-09-14|The official LCC source lists this proposed project as deferred because sufficient funding was not available. The source does not state the financial year, approved budget, disbursement, expenditure, contractor, beneficiaries or completion date. Source page: 3.
LCC-CDF-DEFER-030||Kanyama|Makeni Villa Ward|Construction of road from Y- road to Shalom|Roads and drainage|Construction of road from Y- road to Shalom||||Deferred||||||Lusaka City Council List of Proposed Projects and Simple Justification for Defering|https://www.lcc.gov.zm/publications/|2026-09-14|The official LCC source lists this proposed project as deferred because sufficient funding was not available. The source does not state the financial year, approved budget, disbursement, expenditure, contractor, beneficiaries or completion date. Source page: 3.
LCC-CDF-DEFER-031||Kanyama|Makeni Villa Ward|Construction of modernised police post|Public safety|Construction of modernised police post||||Deferred||||||Lusaka City Council List of Proposed Projects and Simple Justification for Defering|https://www.lcc.gov.zm/publications/|2026-09-14|The official LCC source lists this proposed project as deferred because sufficient funding was not available. The source does not state the financial year, approved budget, disbursement, expenditure, contractor, beneficiaries or completion date. Source page: 3.
LCC-CDF-DEFER-032||Kanyama||Paving of Bit by Bit road ( 0.8 Meters)|Roads and drainage|Paving of Bit by Bit road ( 0.8 Meters)||||Deferred||||||Lusaka City Council List of Proposed Projects and Simple Justification for Defering|https://www.lcc.gov.zm/publications/|2026-09-14|The official LCC source lists this proposed project as deferred because sufficient funding was not available. The source does not state the financial year, approved budget, disbursement, expenditure, contractor, beneficiaries or completion date. Source page: 3. The ward was unclear and was left blank.
LCC-CDF-DEFER-033||Kanyama||Paving of Villa Emile Road (0.35 meters)|Roads and drainage|Paving of Villa Emile Road (0.35 meters)||||Deferred||||||Lusaka City Council List of Proposed Projects and Simple Justification for Defering|https://www.lcc.gov.zm/publications/|2026-09-14|The official LCC source lists this proposed project as deferred because sufficient funding was not available. The source does not state the financial year, approved budget, disbursement, expenditure, contractor, beneficiaries or completion date. Source page: 4. The ward was unclear and was left blank.
LCC-CDF-DEFER-034||Kanyama||Paving of Refuge road (0.4 meters|Roads and drainage|Paving of Refuge road (0.4 meters||||Deferred||||||Lusaka City Council List of Proposed Projects and Simple Justification for Defering|https://www.lcc.gov.zm/publications/|2026-09-14|The official LCC source lists this proposed project as deferred because sufficient funding was not available. The source does not state the financial year, approved budget, disbursement, expenditure, contractor, beneficiaries or completion date. Source page: 4. The ward was unclear and was left blank.
LCC-CDF-DEFER-035||Kanyama||Paving of Eclipes roads to Munkolo drive|Roads and drainage|Paving of Eclipes roads to Munkolo drive||||Deferred||||||Lusaka City Council List of Proposed Projects and Simple Justification for Defering|https://www.lcc.gov.zm/publications/|2026-09-14|The official LCC source lists this proposed project as deferred because sufficient funding was not available. The source does not state the financial year, approved budget, disbursement, expenditure, contractor, beneficiaries or completion date. Source page: 4. The ward was unclear and was left blank.
LCC-CDF-DEFER-036||Kanyama||Grading of trinidad and tobego roads|Roads and drainage|Grading of trinidad and tobego roads||||Deferred||||||Lusaka City Council List of Proposed Projects and Simple Justification for Defering|https://www.lcc.gov.zm/publications/|2026-09-14|The official LCC source lists this proposed project as deferred because sufficient funding was not available. The source does not state the financial year, approved budget, disbursement, expenditure, contractor, beneficiaries or completion date. Source page: 4. The ward was unclear and was left blank.
LCC-CDF-DEFER-037||Kanyama||Construction of maternity wing at ZNS clinic|Health|Construction of maternity wing at ZNS clinic||||Deferred||||||Lusaka City Council List of Proposed Projects and Simple Justification for Defering|https://www.lcc.gov.zm/publications/|2026-09-14|The official LCC source lists this proposed project as deferred because sufficient funding was not available. The source does not state the financial year, approved budget, disbursement, expenditure, contractor, beneficiaries or completion date. Source page: 4. The ward was unclear and was left blank.
LCC-CDF-DEFER-038||Kanyama||Drilling and equipping of 6 boreholes in Linda|Water and sanitation|Drilling and equipping of 6 boreholes in Linda||||Deferred||||||Lusaka City Council List of Proposed Projects and Simple Justification for Defering|https://www.lcc.gov.zm/publications/|2026-09-14|The official LCC source lists this proposed project as deferred because sufficient funding was not available. The source does not state the financial year, approved budget, disbursement, expenditure, contractor, beneficiaries or completion date. Source page: 4. The ward was unclear and was left blank.
LCC-CDF-DEFER-039||Kanyama||Completion of 1x3 classroom block at Bayuni|Education|Completion of 1x3 classroom block at Bayuni||||Deferred||||||Lusaka City Council List of Proposed Projects and Simple Justification for Defering|https://www.lcc.gov.zm/publications/|2026-09-14|The official LCC source lists this proposed project as deferred because sufficient funding was not available. The source does not state the financial year, approved budget, disbursement, expenditure, contractor, beneficiaries or completion date. Source page: 4. The ward was unclear and was left blank.
LCC-CDF-DEFER-040||Kanyama||Upgrading of Kanyama central community football ground|Roads and drainage|Upgrading of Kanyama central community football ground||||Deferred||||||Lusaka City Council List of Proposed Projects and Simple Justification for Defering|https://www.lcc.gov.zm/publications/|2026-09-14|The official LCC source lists this proposed project as deferred because sufficient funding was not available. The source does not state the financial year, approved budget, disbursement, expenditure, contractor, beneficiaries or completion date. Source page: 4. The ward was unclear and was left blank.
LCC-CDF-DEFER-041||Kanyama||Upgrading of chinika community football ground|Roads and drainage|Upgrading of chinika community football ground||||Deferred||||||Lusaka City Council List of Proposed Projects and Simple Justification for Defering|https://www.lcc.gov.zm/publications/|2026-09-14|The official LCC source lists this proposed project as deferred because sufficient funding was not available. The source does not state the financial year, approved budget, disbursement, expenditure, contractor, beneficiaries or completion date. Source page: 4. The ward was unclear and was left blank.
LCC-CDF-DEFER-042||Lusaka Central||Construction of a wall fence Thornpark Primary school|Education|Construction of a wall fence Thornpark Primary school||||Deferred||||||Lusaka City Council List of Proposed Projects and Simple Justification for Defering|https://www.lcc.gov.zm/publications/|2026-09-14|The official LCC source lists this proposed project as deferred because sufficient funding was not available. The source does not state the financial year, approved budget, disbursement, expenditure, contractor, beneficiaries or completion date. Source page: 5. The ward was unclear and was left blank.
LCC-CDF-DEFER-043||Lusaka Central||Construction of an Ablution Block at Northmead Primary schoolat Nyumba Yanga Secondary School- Phase 2 in lubwa ward|Education|Construction of an Ablution Block at Northmead Primary schoolat Nyumba Yanga Secondary School- Phase 2 in lubwa ward||||Deferred||||||Lusaka City Council List of Proposed Projects and Simple Justification for Defering|https://www.lcc.gov.zm/publications/|2026-09-14|The official LCC source lists this proposed project as deferred because sufficient funding was not available. The source does not state the financial year, approved budget, disbursement, expenditure, contractor, beneficiaries or completion date. Source page: 5. The ward was unclear and was left blank.
LCC-CDF-DEFER-044||Lusaka Central||Construction of an Ablution Block at Northmead Secondary school|Education|Construction of an Ablution Block at Northmead Secondary school||||Deferred||||||Lusaka City Council List of Proposed Projects and Simple Justification for Defering|https://www.lcc.gov.zm/publications/|2026-09-14|The official LCC source lists this proposed project as deferred because sufficient funding was not available. The source does not state the financial year, approved budget, disbursement, expenditure, contractor, beneficiaries or completion date. Source page: 5. The ward was unclear and was left blank.
LCC-CDF-DEFER-045||Lusaka Central||Procurement and Installation of a police Container|Public safety|Procurement and Installation of a police Container||||Deferred||||||Lusaka City Council List of Proposed Projects and Simple Justification for Defering|https://www.lcc.gov.zm/publications/|2026-09-14|The official LCC source lists this proposed project as deferred because sufficient funding was not available. The source does not state the financial year, approved budget, disbursement, expenditure, contractor, beneficiaries or completion date. Source page: 5. The ward was unclear and was left blank.
LCC-CDF-DEFER-046||Lusaka Central||Roof Leakages at Railway clinic|Health|Roof Leakages at Railway clinic||||Deferred||||||Lusaka City Council List of Proposed Projects and Simple Justification for Defering|https://www.lcc.gov.zm/publications/|2026-09-14|The official LCC source lists this proposed project as deferred because sufficient funding was not available. The source does not state the financial year, approved budget, disbursement, expenditure, contractor, beneficiaries or completion date. Source page: 5. The ward was unclear and was left blank.
LCC-CDF-DEFER-047||Lusaka Central||Structural test of Railway clinic|Health|Structural test of Railway clinic||||Deferred||||||Lusaka City Council List of Proposed Projects and Simple Justification for Defering|https://www.lcc.gov.zm/publications/|2026-09-14|The official LCC source lists this proposed project as deferred because sufficient funding was not available. The source does not state the financial year, approved budget, disbursement, expenditure, contractor, beneficiaries or completion date. Source page: 5. The ward was unclear and was left blank.
LCC-CDF-DEFER-048||Lusaka Central||Water Tank at Intercity health post|Health|Water Tank at Intercity health post||||Deferred||||||Lusaka City Council List of Proposed Projects and Simple Justification for Defering|https://www.lcc.gov.zm/publications/|2026-09-14|The official LCC source lists this proposed project as deferred because sufficient funding was not available. The source does not state the financial year, approved budget, disbursement, expenditure, contractor, beneficiaries or completion date. Source page: 5. The ward was unclear and was left blank.
LCC-CDF-DEFER-049||Lusaka Central||Water Reticulation at Intercity health post|Health|Water Reticulation at Intercity health post||||Deferred||||||Lusaka City Council List of Proposed Projects and Simple Justification for Defering|https://www.lcc.gov.zm/publications/|2026-09-14|The official LCC source lists this proposed project as deferred because sufficient funding was not available. The source does not state the financial year, approved budget, disbursement, expenditure, contractor, beneficiaries or completion date. Source page: 5. The ward was unclear and was left blank.
LCC-CDF-DEFER-050||Lusaka Central||Solar Boreholes at Bauleni Clinic|Health|Solar Boreholes at Bauleni Clinic||||Deferred||||||Lusaka City Council List of Proposed Projects and Simple Justification for Defering|https://www.lcc.gov.zm/publications/|2026-09-14|The official LCC source lists this proposed project as deferred because sufficient funding was not available. The source does not state the financial year, approved budget, disbursement, expenditure, contractor, beneficiaries or completion date. Source page: 5. The ward was unclear and was left blank.
LCC-CDF-DEFER-051||Lusaka Central||Construction of an Ablution Block at woodlands A Secondary school|Education|Construction of an Ablution Block at woodlands A Secondary school||||Deferred||||||Lusaka City Council List of Proposed Projects and Simple Justification for Defering|https://www.lcc.gov.zm/publications/|2026-09-14|The official LCC source lists this proposed project as deferred because sufficient funding was not available. The source does not state the financial year, approved budget, disbursement, expenditure, contractor, beneficiaries or completion date. Source page: 5. The ward was unclear and was left blank.
LCC-CDF-DEFER-052||Mandevu||Drilling of commercial solar powered Boreholes in chazanga,Kabanana,Zani muone west,Fumbelo and main way zone|Water and sanitation|Drilling of commercial solar powered Boreholes in chazanga,Kabanana,Zani muone west,Fumbelo and main way zone||||Deferred||||||Lusaka City Council List of Proposed Projects and Simple Justification for Defering|https://www.lcc.gov.zm/publications/|2026-09-14|The official LCC source lists this proposed project as deferred because sufficient funding was not available. The source does not state the financial year, approved budget, disbursement, expenditure, contractor, beneficiaries or completion date. Source page: 6. The ward was unclear and was left blank.
LCC-CDF-DEFER-053||Mandevu||Construction of market shelter at Northgate Market|Markets and commerce|Construction of market shelter at Northgate Market||||Deferred||||||Lusaka City Council List of Proposed Projects and Simple Justification for Defering|https://www.lcc.gov.zm/publications/|2026-09-14|The official LCC source lists this proposed project as deferred because sufficient funding was not available. The source does not state the financial year, approved budget, disbursement, expenditure, contractor, beneficiaries or completion date. Source page: 6. The ward was unclear and was left blank.
LCC-CDF-DEFER-054||Mandevu||Procurement of Double seater Desks and Construction of wall fence at Chazanga combined school|Education|Procurement of Double seater Desks and Construction of wall fence at Chazanga combined school||||Deferred||||||Lusaka City Council List of Proposed Projects and Simple Justification for Defering|https://www.lcc.gov.zm/publications/|2026-09-14|The official LCC source lists this proposed project as deferred because sufficient funding was not available. The source does not state the financial year, approved budget, disbursement, expenditure, contractor, beneficiaries or completion date. Source page: 6. The ward was unclear and was left blank.
LCC-CDF-DEFER-055||Mandevu||Purchase of Tent and plastic chairs to help during funerals and events at a fee|Other community infrastructure|Purchase of Tent and plastic chairs to help during funerals and events at a fee||||Deferred||||||Lusaka City Council List of Proposed Projects and Simple Justification for Defering|https://www.lcc.gov.zm/publications/|2026-09-14|The official LCC source lists this proposed project as deferred because sufficient funding was not available. The source does not state the financial year, approved budget, disbursement, expenditure, contractor, beneficiaries or completion date. Source page: 6. The ward was unclear and was left blank.
LCC-CDF-DEFER-056||Mandevu||Construction of council/Councillors office|Other community infrastructure|Construction of council/Councillors office||||Deferred||||||Lusaka City Council List of Proposed Projects and Simple Justification for Defering|https://www.lcc.gov.zm/publications/|2026-09-14|The official LCC source lists this proposed project as deferred because sufficient funding was not available. The source does not state the financial year, approved budget, disbursement, expenditure, contractor, beneficiaries or completion date. Source page: 6. The ward was unclear and was left blank.
LCC-CDF-DEFER-057||Mandevu||Construction of school hall at olympia school|Education|Construction of school hall at olympia school||||Deferred||||||Lusaka City Council List of Proposed Projects and Simple Justification for Defering|https://www.lcc.gov.zm/publications/|2026-09-14|The official LCC source lists this proposed project as deferred because sufficient funding was not available. The source does not state the financial year, approved budget, disbursement, expenditure, contractor, beneficiaries or completion date. Source page: 6. The ward was unclear and was left blank.
LCC-CDF-DEFER-058||Mandevu|Roma Ward|Street lights chimulambe street/clinic Road|Roads and drainage|Street lights chimulambe street/clinic Road||||Deferred||||||Lusaka City Council List of Proposed Projects and Simple Justification for Defering|https://www.lcc.gov.zm/publications/|2026-09-14|The official LCC source lists this proposed project as deferred because sufficient funding was not available. The source does not state the financial year, approved budget, disbursement, expenditure, contractor, beneficiaries or completion date. Source page: 6.
LCC-CDF-DEFER-059||Mandevu||Grading and Graveling of all roads in Justin Kabwe ward 24|Roads and drainage|Grading and Graveling of all roads in Justin Kabwe ward 24||||Deferred||||||Lusaka City Council List of Proposed Projects and Simple Justification for Defering|https://www.lcc.gov.zm/publications/|2026-09-14|The official LCC source lists this proposed project as deferred because sufficient funding was not available. The source does not state the financial year, approved budget, disbursement, expenditure, contractor, beneficiaries or completion date. Source page: 6. The ward was unclear and was left blank.
LCC-CDF-DEFER-060||Mandevu|Roma Ward|Construction of a market at old Ngombe market|Markets and commerce|Construction of a market at old Ngombe market||||Deferred||||||Lusaka City Council List of Proposed Projects and Simple Justification for Defering|https://www.lcc.gov.zm/publications/|2026-09-14|The official LCC source lists this proposed project as deferred because sufficient funding was not available. The source does not state the financial year, approved budget, disbursement, expenditure, contractor, beneficiaries or completion date. Source page: 6.
LCC-CDF-DEFER-061||Mandevu||Construction of foot bridge along the main drainage|Roads and drainage|Construction of foot bridge along the main drainage||||Deferred||||||Lusaka City Council List of Proposed Projects and Simple Justification for Defering|https://www.lcc.gov.zm/publications/|2026-09-14|The official LCC source lists this proposed project as deferred because sufficient funding was not available. The source does not state the financial year, approved budget, disbursement, expenditure, contractor, beneficiaries or completion date. Source page: 6. The ward was unclear and was left blank.
LCC-CDF-DEFER-062||Mandevu||Street lights pendele road|Roads and drainage|Street lights pendele road||||Deferred||||||Lusaka City Council List of Proposed Projects and Simple Justification for Defering|https://www.lcc.gov.zm/publications/|2026-09-14|The official LCC source lists this proposed project as deferred because sufficient funding was not available. The source does not state the financial year, approved budget, disbursement, expenditure, contractor, beneficiaries or completion date. Source page: 6. The ward was unclear and was left blank.
LCC-CDF-DEFER-063||Mandevu||Construction of a Garden skills Training centre|Other community infrastructure|Construction of a Garden skills Training centre||||Deferred||||||Lusaka City Council List of Proposed Projects and Simple Justification for Defering|https://www.lcc.gov.zm/publications/|2026-09-14|The official LCC source lists this proposed project as deferred because sufficient funding was not available. The source does not state the financial year, approved budget, disbursement, expenditure, contractor, beneficiaries or completion date. Source page: 6. The ward was unclear and was left blank.
LCC-CDF-DEFER-064||Mandevu||Construction of an Ablution block at Chaisa Health Centre|Health|Construction of an Ablution block at Chaisa Health Centre||||Deferred||||||Lusaka City Council List of Proposed Projects and Simple Justification for Defering|https://www.lcc.gov.zm/publications/|2026-09-14|The official LCC source lists this proposed project as deferred because sufficient funding was not available. The source does not state the financial year, approved budget, disbursement, expenditure, contractor, beneficiaries or completion date. Source page: 6. The ward was unclear and was left blank.
LCC-CDF-DEFER-065||Mandevu||Construction of maternity wing at Chaisa Health centre|Health|Construction of maternity wing at Chaisa Health centre||||Deferred||||||Lusaka City Council List of Proposed Projects and Simple Justification for Defering|https://www.lcc.gov.zm/publications/|2026-09-14|The official LCC source lists this proposed project as deferred because sufficient funding was not available. The source does not state the financial year, approved budget, disbursement, expenditure, contractor, beneficiaries or completion date. Source page: 6. The ward was unclear and was left blank.
LCC-CDF-DEFER-066||Mandevu||Installation of a water storage Tank at Chaisa Health centre|Health|Installation of a water storage Tank at Chaisa Health centre||||Deferred||||||Lusaka City Council List of Proposed Projects and Simple Justification for Defering|https://www.lcc.gov.zm/publications/|2026-09-14|The official LCC source lists this proposed project as deferred because sufficient funding was not available. The source does not state the financial year, approved budget, disbursement, expenditure, contractor, beneficiaries or completion date. Source page: 7. The ward was unclear and was left blank.
LCC-CDF-DEFER-067||Mandevu||Installation of solar street lights in all tarred roads in chaisa|Roads and drainage|Installation of solar street lights in all tarred roads in chaisa||||Deferred||||||Lusaka City Council List of Proposed Projects and Simple Justification for Defering|https://www.lcc.gov.zm/publications/|2026-09-14|The official LCC source lists this proposed project as deferred because sufficient funding was not available. The source does not state the financial year, approved budget, disbursement, expenditure, contractor, beneficiaries or completion date. Source page: 7. The ward was unclear and was left blank.
LCC-CDF-DEFER-068||Mandevu||Installation of two solar water pump at Chaisa water trust|Water and sanitation|Installation of two solar water pump at Chaisa water trust||||Deferred||||||Lusaka City Council List of Proposed Projects and Simple Justification for Defering|https://www.lcc.gov.zm/publications/|2026-09-14|The official LCC source lists this proposed project as deferred because sufficient funding was not available. The source does not state the financial year, approved budget, disbursement, expenditure, contractor, beneficiaries or completion date. Source page: 7. The ward was unclear and was left blank.
LCC-CDF-DEFER-069||Mandevu|Raphael Chota Ward|Construction of 1x3 CRB ,an Ablution block and completion of school Hall at Lusaka Herman Ameiner Secondary school|Education|Construction of 1x3 CRB ,an Ablution block and completion of school Hall at Lusaka Herman Ameiner Secondary school||||Deferred||||||Lusaka City Council List of Proposed Projects and Simple Justification for Defering|https://www.lcc.gov.zm/publications/|2026-09-14|The official LCC source lists this proposed project as deferred because sufficient funding was not available. The source does not state the financial year, approved budget, disbursement, expenditure, contractor, beneficiaries or completion date. Source page: 7.
LCC-CDF-DEFER-070||Mandevu|Raphael Chota Ward|Construction of an Ablution Block at st paul secondary school|Education|Construction of an Ablution Block at st paul secondary school||||Deferred||||||Lusaka City Council List of Proposed Projects and Simple Justification for Defering|https://www.lcc.gov.zm/publications/|2026-09-14|The official LCC source lists this proposed project as deferred because sufficient funding was not available. The source does not state the financial year, approved budget, disbursement, expenditure, contractor, beneficiaries or completion date. Source page: 7.
LCC-CDF-DEFER-071||Mandevu||Construction of 1x3 CRB ,school hall,computer lab at Mandevu secondary school|Education|Construction of 1x3 CRB ,school hall,computer lab at Mandevu secondary school||||Deferred||||||Lusaka City Council List of Proposed Projects and Simple Justification for Defering|https://www.lcc.gov.zm/publications/|2026-09-14|The official LCC source lists this proposed project as deferred because sufficient funding was not available. The source does not state the financial year, approved budget, disbursement, expenditure, contractor, beneficiaries or completion date. Source page: 7. The ward was unclear and was left blank.
LCC-CDF-DEFER-072||Mandevu|Raphael Chota Ward|Construction of mouners shelter ,Emergency ward ,Drilling of Boreholes and water Tank at Chipata level one Hospital|Health|Construction of mouners shelter ,Emergency ward ,Drilling of Boreholes and water Tank at Chipata level one Hospital||||Deferred||||||Lusaka City Council List of Proposed Projects and Simple Justification for Defering|https://www.lcc.gov.zm/publications/|2026-09-14|The official LCC source lists this proposed project as deferred because sufficient funding was not available. The source does not state the financial year, approved budget, disbursement, expenditure, contractor, beneficiaries or completion date. Source page: 7.
LCC-CDF-DEFER-073||Mandevu|Raphael Chota Ward|Construction of Access Road to the MarketAblution Block at Katambalala Market|Roads and drainage|Construction of Access Road to the MarketAblution Block at Katambalala Market||||Deferred||||||Lusaka City Council List of Proposed Projects and Simple Justification for Defering|https://www.lcc.gov.zm/publications/|2026-09-14|The official LCC source lists this proposed project as deferred because sufficient funding was not available. The source does not state the financial year, approved budget, disbursement, expenditure, contractor, beneficiaries or completion date. Source page: 7.
LCC-CDF-DEFER-074||Mandevu||Construction of a school hall at Mutambe primary school|Education|Construction of a school hall at Mutambe primary school||||Deferred||||||Lusaka City Council List of Proposed Projects and Simple Justification for Defering|https://www.lcc.gov.zm/publications/|2026-09-14|The official LCC source lists this proposed project as deferred because sufficient funding was not available. The source does not state the financial year, approved budget, disbursement, expenditure, contractor, beneficiaries or completion date. Source page: 7. The ward was unclear and was left blank.
LCC-CDF-DEFER-075||Matero||Upgrading of matero stadium phase one (1)|Roads and drainage|Upgrading of matero stadium phase one (1)||||Deferred||||||Lusaka City Council List of Proposed Projects and Simple Justification for Defering|https://www.lcc.gov.zm/publications/|2026-09-14|The official LCC source lists this proposed project as deferred because sufficient funding was not available. The source does not state the financial year, approved budget, disbursement, expenditure, contractor, beneficiaries or completion date. Source page: 8. The ward was unclear and was left blank.
LCC-CDF-DEFER-076||Matero||Construction of 1x4 CRB at matero east primary school|Education|Construction of 1x4 CRB at matero east primary school||||Deferred||||||Lusaka City Council List of Proposed Projects and Simple Justification for Defering|https://www.lcc.gov.zm/publications/|2026-09-14|The official LCC source lists this proposed project as deferred because sufficient funding was not available. The source does not state the financial year, approved budget, disbursement, expenditure, contractor, beneficiaries or completion date. Source page: 8. The ward was unclear and was left blank.
LCC-CDF-DEFER-077||Matero||Construction of Blue and White shop road bridge|Roads and drainage|Construction of Blue and White shop road bridge||||Deferred||||||Lusaka City Council List of Proposed Projects and Simple Justification for Defering|https://www.lcc.gov.zm/publications/|2026-09-14|The official LCC source lists this proposed project as deferred because sufficient funding was not available. The source does not state the financial year, approved budget, disbursement, expenditure, contractor, beneficiaries or completion date. Source page: 8. The ward was unclear and was left blank.
LCC-CDF-DEFER-078||Matero||Construction of the Bridge along Heroes stadium drainage|Roads and drainage|Construction of the Bridge along Heroes stadium drainage||||Deferred||||||Lusaka City Council List of Proposed Projects and Simple Justification for Defering|https://www.lcc.gov.zm/publications/|2026-09-14|The official LCC source lists this proposed project as deferred because sufficient funding was not available. The source does not state the financial year, approved budget, disbursement, expenditure, contractor, beneficiaries or completion date. Source page: 8. The ward was unclear and was left blank.
LCC-CDF-DEFER-079||Matero||Construction of Ablution Block at Chingwere primary school|Education|Construction of Ablution Block at Chingwere primary school||||Deferred||||||Lusaka City Council List of Proposed Projects and Simple Justification for Defering|https://www.lcc.gov.zm/publications/|2026-09-14|The official LCC source lists this proposed project as deferred because sufficient funding was not available. The source does not state the financial year, approved budget, disbursement, expenditure, contractor, beneficiaries or completion date. Source page: 8. The ward was unclear and was left blank.
LCC-CDF-DEFER-080||Matero||Construction of foot bridge at Hillside Twalumba|Roads and drainage|Construction of foot bridge at Hillside Twalumba||||Deferred||||||Lusaka City Council List of Proposed Projects and Simple Justification for Defering|https://www.lcc.gov.zm/publications/|2026-09-14|The official LCC source lists this proposed project as deferred because sufficient funding was not available. The source does not state the financial year, approved budget, disbursement, expenditure, contractor, beneficiaries or completion date. Source page: 8. The ward was unclear and was left blank.
LCC-CDF-DEFER-081||Matero|Lima Ward|Construction of Kandidima drainage|Roads and drainage|Construction of Kandidima drainage||||Deferred||||||Lusaka City Council List of Proposed Projects and Simple Justification for Defering|https://www.lcc.gov.zm/publications/|2026-09-14|The official LCC source lists this proposed project as deferred because sufficient funding was not available. The source does not state the financial year, approved budget, disbursement, expenditure, contractor, beneficiaries or completion date. Source page: 8.
LCC-CDF-DEFER-082||Matero|Lima Ward|Procurement and supply of equipment at chitukuko skills development centre|Other community infrastructure|Procurement and supply of equipment at chitukuko skills development centre||||Deferred||||||Lusaka City Council List of Proposed Projects and Simple Justification for Defering|https://www.lcc.gov.zm/publications/|2026-09-14|The official LCC source lists this proposed project as deferred because sufficient funding was not available. The source does not state the financial year, approved budget, disbursement, expenditure, contractor, beneficiaries or completion date. Source page: 8.
LCC-CDF-DEFER-083||Matero|Lima Ward|Construction of mothers shelter at chitukuko health post|Health|Construction of mothers shelter at chitukuko health post||||Deferred||||||Lusaka City Council List of Proposed Projects and Simple Justification for Defering|https://www.lcc.gov.zm/publications/|2026-09-14|The official LCC source lists this proposed project as deferred because sufficient funding was not available. The source does not state the financial year, approved budget, disbursement, expenditure, contractor, beneficiaries or completion date. Source page: 8.
LCC-CDF-DEFER-084||Matero|Kapwepwe Ward|Erection and installation of solar street lighting|Roads and drainage|Erection and installation of solar street lighting||||Deferred||||||Lusaka City Council List of Proposed Projects and Simple Justification for Defering|https://www.lcc.gov.zm/publications/|2026-09-14|The official LCC source lists this proposed project as deferred because sufficient funding was not available. The source does not state the financial year, approved budget, disbursement, expenditure, contractor, beneficiaries or completion date. Source page: 8.
LCC-CDF-DEFER-085||Matero||Construction of science laboratory (chemistry and physics)at yotam muleya secondary school Matero|Education|Construction of science laboratory (chemistry and physics)at yotam muleya secondary school Matero||||Deferred||||||Lusaka City Council List of Proposed Projects and Simple Justification for Defering|https://www.lcc.gov.zm/publications/|2026-09-14|The official LCC source lists this proposed project as deferred because sufficient funding was not available. The source does not state the financial year, approved budget, disbursement, expenditure, contractor, beneficiaries or completion date. Source page: 8. The ward was unclear and was left blank.
LCC-CDF-DEFER-086||Matero||Completion of school hall at emmasdale primary school Matero|Education|Completion of school hall at emmasdale primary school Matero||||Deferred||||||Lusaka City Council List of Proposed Projects and Simple Justification for Defering|https://www.lcc.gov.zm/publications/|2026-09-14|The official LCC source lists this proposed project as deferred because sufficient funding was not available. The source does not state the financial year, approved budget, disbursement, expenditure, contractor, beneficiaries or completion date. Source page: 8. The ward was unclear and was left blank.
LCC-CDF-DEFER-087||Matero||Purchase of 200 desks at matero secondary school Matero|Education|Purchase of 200 desks at matero secondary school Matero||||Deferred||||||Lusaka City Council List of Proposed Projects and Simple Justification for Defering|https://www.lcc.gov.zm/publications/|2026-09-14|The official LCC source lists this proposed project as deferred because sufficient funding was not available. The source does not state the financial year, approved budget, disbursement, expenditure, contractor, beneficiaries or completion date. Source page: 8. The ward was unclear and was left blank.
LCC-CDF-DEFER-088||Matero||Construction of Ablution Block at matero secondary school Matero|Education|Construction of Ablution Block at matero secondary school Matero||||Deferred||||||Lusaka City Council List of Proposed Projects and Simple Justification for Defering|https://www.lcc.gov.zm/publications/|2026-09-14|The official LCC source lists this proposed project as deferred because sufficient funding was not available. The source does not state the financial year, approved budget, disbursement, expenditure, contractor, beneficiaries or completion date. Source page: 8. The ward was unclear and was left blank.
LCC-CDF-DEFER-089||Matero||Completion of school hall at matero secondary school Matero|Education|Completion of school hall at matero secondary school Matero||||Deferred||||||Lusaka City Council List of Proposed Projects and Simple Justification for Defering|https://www.lcc.gov.zm/publications/|2026-09-14|The official LCC source lists this proposed project as deferred because sufficient funding was not available. The source does not state the financial year, approved budget, disbursement, expenditure, contractor, beneficiaries or completion date. Source page: 9. The ward was unclear and was left blank.
LCC-CDF-DEFER-090||Matero||Supply and delivery of 460 desks at muchinga combined school Matero|Education|Supply and delivery of 460 desks at muchinga combined school Matero||||Deferred||||||Lusaka City Council List of Proposed Projects and Simple Justification for Defering|https://www.lcc.gov.zm/publications/|2026-09-14|The official LCC source lists this proposed project as deferred because sufficient funding was not available. The source does not state the financial year, approved budget, disbursement, expenditure, contractor, beneficiaries or completion date. Source page: 9. The ward was unclear and was left blank.
LCC-CDF-DEFER-091||Matero||Construction of school wall fence at Nelson Mandela school|Education|Construction of school wall fence at Nelson Mandela school||||Deferred||||||Lusaka City Council List of Proposed Projects and Simple Justification for Defering|https://www.lcc.gov.zm/publications/|2026-09-14|The official LCC source lists this proposed project as deferred because sufficient funding was not available. The source does not state the financial year, approved budget, disbursement, expenditure, contractor, beneficiaries or completion date. Source page: 9. The ward was unclear and was left blank.
LCC-CDF-DEFER-092||Matero||Construction of a 1x4 CRB at Muchinga combined school Matero|Education|Construction of a 1x4 CRB at Muchinga combined school Matero||||Deferred||||||Lusaka City Council List of Proposed Projects and Simple Justification for Defering|https://www.lcc.gov.zm/publications/|2026-09-14|The official LCC source lists this proposed project as deferred because sufficient funding was not available. The source does not state the financial year, approved budget, disbursement, expenditure, contractor, beneficiaries or completion date. Source page: 9. The ward was unclear and was left blank.
LCC-CDF-DEFER-093||Matero||Erection and installation of solar street lighting|Roads and drainage|Erection and installation of solar street lighting||||Deferred||||||Lusaka City Council List of Proposed Projects and Simple Justification for Defering|https://www.lcc.gov.zm/publications/|2026-09-14|The official LCC source lists this proposed project as deferred because sufficient funding was not available. The source does not state the financial year, approved budget, disbursement, expenditure, contractor, beneficiaries or completion date. Source page: 9. The ward was unclear and was left blank.
LCC-CDF-DEFER-094||Matero||Expansion of Chimwemwe Health post (mothers shelter and fence)|Health|Expansion of Chimwemwe Health post (mothers shelter and fence)||||Deferred||||||Lusaka City Council List of Proposed Projects and Simple Justification for Defering|https://www.lcc.gov.zm/publications/|2026-09-14|The official LCC source lists this proposed project as deferred because sufficient funding was not available. The source does not state the financial year, approved budget, disbursement, expenditure, contractor, beneficiaries or completion date. Source page: 9. The ward was unclear and was left blank.
LCC-CDF-DEFER-095||Matero||Construction of drainage from Campus Corner to twikatane ground and chocolate road|Roads and drainage|Construction of drainage from Campus Corner to twikatane ground and chocolate road||||Deferred||||||Lusaka City Council List of Proposed Projects and Simple Justification for Defering|https://www.lcc.gov.zm/publications/|2026-09-14|The official LCC source lists this proposed project as deferred because sufficient funding was not available. The source does not state the financial year, approved budget, disbursement, expenditure, contractor, beneficiaries or completion date. Source page: 9. The ward was unclear and was left blank.
LCC-CDF-DEFER-096||Matero||Construction of the Bridge at kapwepwe Bridge|Roads and drainage|Construction of the Bridge at kapwepwe Bridge||||Deferred||||||Lusaka City Council List of Proposed Projects and Simple Justification for Defering|https://www.lcc.gov.zm/publications/|2026-09-14|The official LCC source lists this proposed project as deferred because sufficient funding was not available. The source does not state the financial year, approved budget, disbursement, expenditure, contractor, beneficiaries or completion date. Source page: 9. The ward was unclear and was left blank.
LCC-CDF-DEFER-097||Matero||Grading and Gravelling of selected roads in Mabvuto|Roads and drainage|Grading and Gravelling of selected roads in Mabvuto||||Deferred||||||Lusaka City Council List of Proposed Projects and Simple Justification for Defering|https://www.lcc.gov.zm/publications/|2026-09-14|The official LCC source lists this proposed project as deferred because sufficient funding was not available. The source does not state the financial year, approved budget, disbursement, expenditure, contractor, beneficiaries or completion date. Source page: 9. The ward was unclear and was left blank.
LCC-CDF-DEFER-098||Matero||Purchase and supply of 1500 desks in kapwepwe school|Education|Purchase and supply of 1500 desks in kapwepwe school||||Deferred||||||Lusaka City Council List of Proposed Projects and Simple Justification for Defering|https://www.lcc.gov.zm/publications/|2026-09-14|The official LCC source lists this proposed project as deferred because sufficient funding was not available. The source does not state the financial year, approved budget, disbursement, expenditure, contractor, beneficiaries or completion date. Source page: 9. The ward was unclear and was left blank.
LCC-CDF-DEFER-099||Matero||Construction of a 1x4 classroom block at Muchinga combined school|Education|Construction of a 1x4 classroom block at Muchinga combined school||||Deferred||||||Lusaka City Council List of Proposed Projects and Simple Justification for Defering|https://www.lcc.gov.zm/publications/|2026-09-14|The official LCC source lists this proposed project as deferred because sufficient funding was not available. The source does not state the financial year, approved budget, disbursement, expenditure, contractor, beneficiaries or completion date. Source page: 9. The ward was unclear and was left blank.
LCC-CDF-DEFER-100||Munali||Proposed uplifting of munali police post|Public safety|Proposed uplifting of munali police post||||Deferred||||||Lusaka City Council List of Proposed Projects and Simple Justification for Defering|https://www.lcc.gov.zm/publications/|2026-09-14|The official LCC source lists this proposed project as deferred because sufficient funding was not available. The source does not state the financial year, approved budget, disbursement, expenditure, contractor, beneficiaries or completion date. Source page: 10. The ward was unclear and was left blank.
LCC-CDF-DEFER-101||Munali||Proposed construction of a school hall at chelstone secondary school|Education|Proposed construction of a school hall at chelstone secondary school||||Deferred||||||Lusaka City Council List of Proposed Projects and Simple Justification for Defering|https://www.lcc.gov.zm/publications/|2026-09-14|The official LCC source lists this proposed project as deferred because sufficient funding was not available. The source does not state the financial year, approved budget, disbursement, expenditure, contractor, beneficiaries or completion date. Source page: 10. The ward was unclear and was left blank.
LCC-CDF-DEFER-102||Munali||Proposed construction of an Ablution block and Drilling of borehole/installation of water reticulation at Avondale market|Markets and commerce|Proposed construction of an Ablution block and Drilling of borehole/installation of water reticulation at Avondale market||||Deferred||||||Lusaka City Council List of Proposed Projects and Simple Justification for Defering|https://www.lcc.gov.zm/publications/|2026-09-14|The official LCC source lists this proposed project as deferred because sufficient funding was not available. The source does not state the financial year, approved budget, disbursement, expenditure, contractor, beneficiaries or completion date. Source page: 10. The ward was unclear and was left blank.
LCC-CDF-DEFER-103||Munali|Chankunkula Ward|Construction of madimba Bridge|Roads and drainage|Construction of madimba Bridge||||Deferred||||||Lusaka City Council List of Proposed Projects and Simple Justification for Defering|https://www.lcc.gov.zm/publications/|2026-09-14|The official LCC source lists this proposed project as deferred because sufficient funding was not available. The source does not state the financial year, approved budget, disbursement, expenditure, contractor, beneficiaries or completion date. Source page: 10.
LCC-CDF-DEFER-104||Munali||Repair of garbage community truck MUNALI|Other community infrastructure|Repair of garbage community truck MUNALI||||Deferred||||||Lusaka City Council List of Proposed Projects and Simple Justification for Defering|https://www.lcc.gov.zm/publications/|2026-09-14|The official LCC source lists this proposed project as deferred because sufficient funding was not available. The source does not state the financial year, approved budget, disbursement, expenditure, contractor, beneficiaries or completion date. Source page: 10. The ward was unclear and was left blank.
LCC-CDF-DEFER-105||Munali|Chankunkula Ward|Kamanga matumbi road via overspill|Roads and drainage|Kamanga matumbi road via overspill||||Deferred||||||Lusaka City Council List of Proposed Projects and Simple Justification for Defering|https://www.lcc.gov.zm/publications/|2026-09-14|The official LCC source lists this proposed project as deferred because sufficient funding was not available. The source does not state the financial year, approved budget, disbursement, expenditure, contractor, beneficiaries or completion date. Source page: 10.
LCC-CDF-DEFER-106||Munali||Kaunda square stage 1 ground road through ADA to chamba valley MUNALI|Roads and drainage|Kaunda square stage 1 ground road through ADA to chamba valley MUNALI||||Deferred||||||Lusaka City Council List of Proposed Projects and Simple Justification for Defering|https://www.lcc.gov.zm/publications/|2026-09-14|The official LCC source lists this proposed project as deferred because sufficient funding was not available. The source does not state the financial year, approved budget, disbursement, expenditure, contractor, beneficiaries or completion date. Source page: 10. The ward was unclear and was left blank.
LCC-CDF-DEFER-107||Munali||Chamba valley road MUNALI|Roads and drainage|Chamba valley road MUNALI||||Deferred||||||Lusaka City Council List of Proposed Projects and Simple Justification for Defering|https://www.lcc.gov.zm/publications/|2026-09-14|The official LCC source lists this proposed project as deferred because sufficient funding was not available. The source does not state the financial year, approved budget, disbursement, expenditure, contractor, beneficiaries or completion date. Source page: 10. The ward was unclear and was left blank.
LCC-CDF-DEFER-108||Munali||Borehole drilling and toilets at Avondale market|Markets and commerce|Borehole drilling and toilets at Avondale market||||Deferred||||||Lusaka City Council List of Proposed Projects and Simple Justification for Defering|https://www.lcc.gov.zm/publications/|2026-09-14|The official LCC source lists this proposed project as deferred because sufficient funding was not available. The source does not state the financial year, approved budget, disbursement, expenditure, contractor, beneficiaries or completion date. Source page: 10. The ward was unclear and was left blank.
LCC-CDF-DEFER-109||Munali||Procurement of 500 desks|Education|Procurement of 500 desks||||Deferred||||||Lusaka City Council List of Proposed Projects and Simple Justification for Defering|https://www.lcc.gov.zm/publications/|2026-09-14|The official LCC source lists this proposed project as deferred because sufficient funding was not available. The source does not state the financial year, approved budget, disbursement, expenditure, contractor, beneficiaries or completion date. Source page: 10. The ward was unclear and was left blank.
LCC-CDF-DEFER-110||Munali||Complete set of solar panels for kalingalinga clinic and police post|Health|Complete set of solar panels for kalingalinga clinic and police post||||Deferred||||||Lusaka City Council List of Proposed Projects and Simple Justification for Defering|https://www.lcc.gov.zm/publications/|2026-09-14|The official LCC source lists this proposed project as deferred because sufficient funding was not available. The source does not state the financial year, approved budget, disbursement, expenditure, contractor, beneficiaries or completion date. Source page: 10. The ward was unclear and was left blank.
LCC-CDF-DEFER-111||Munali||Rehabilitation of munali boys secondary school classroom MUNALI|Education|Rehabilitation of munali boys secondary school classroom MUNALI||||Deferred||||||Lusaka City Council List of Proposed Projects and Simple Justification for Defering|https://www.lcc.gov.zm/publications/|2026-09-14|The official LCC source lists this proposed project as deferred because sufficient funding was not available. The source does not state the financial year, approved budget, disbursement, expenditure, contractor, beneficiaries or completion date. Source page: 10. The ward was unclear and was left blank.
LCC-CDF-DEFER-112||Munali||Construction of school hall|Education|Construction of school hall||||Deferred||||||Lusaka City Council List of Proposed Projects and Simple Justification for Defering|https://www.lcc.gov.zm/publications/|2026-09-14|The official LCC source lists this proposed project as deferred because sufficient funding was not available. The source does not state the financial year, approved budget, disbursement, expenditure, contractor, beneficiaries or completion date. Source page: 10. The ward was unclear and was left blank.
LCC-CDF-APPROVED-2024-001|2024|Chawama|John Howard Ward 3|John Patuka via Distinction School-Off Lime Road (1.10 km)|Roads and drainage|John Patuka via Distinction School-Off Lime Road (1.10 km)||||Approved||2024-02-02||||Chawama Constituency 2024 CDF Project Approval|https://www.lcc.gov.zm/publications/|2026-09-14|Verified from the official 2024 constituency approval document. The available source did not report a project-specific budget, disbursement, expenditure, contractor, beneficiaries, completion percentage or completion date.
LCC-CDF-APPROVED-2024-002|2024|Chawama|Nkoloma Ward 1|Katwishi Road (0.8 km)|Roads and drainage|Katwishi Road (0.8 km)||||Approved||2024-02-02||||Chawama Constituency 2024 CDF Project Approval|https://www.lcc.gov.zm/publications/|2026-09-14|Verified from the official 2024 constituency approval document. The available source did not report a project-specific budget, disbursement, expenditure, contractor, beneficiaries, completion percentage or completion date.
LCC-CDF-APPROVED-2024-003|2024|Chawama|Nkoloma Ward 1|Uweka Road (1 km)|Roads and drainage|Uweka Road (1 km)||||Approved||2024-02-02||||Chawama Constituency 2024 CDF Project Approval|https://www.lcc.gov.zm/publications/|2026-09-14|Verified from the official 2024 constituency approval document. The available source did not report a project-specific budget, disbursement, expenditure, contractor, beneficiaries, completion percentage or completion date.
LCC-CDF-APPROVED-2024-004|2024|Chawama|Chawama Ward 2|Alex to Mount Meru Road (0.87 km)|Roads and drainage|Alex to Mount Meru Road (0.87 km)||||Approved||2024-02-02||||Chawama Constituency 2024 CDF Project Approval|https://www.lcc.gov.zm/publications/|2026-09-14|Verified from the official 2024 constituency approval document. The available source did not report a project-specific budget, disbursement, expenditure, contractor, beneficiaries, completion percentage or completion date.
LCC-CDF-APPROVED-2024-005|2024|Chawama|Lilayi Ward 4|Lilayi Close Road (2.25 km)|Roads and drainage|Lilayi Close Road (2.25 km)||||Approved||2024-02-02||||Chawama Constituency 2024 CDF Project Approval|https://www.lcc.gov.zm/publications/|2026-09-14|Verified from the official 2024 constituency approval document. The available source did not report a project-specific budget, disbursement, expenditure, contractor, beneficiaries, completion percentage or completion date.
LCC-CDF-APPROVED-2024-006|2024|Chawama|Constituency-wide|Procurement of an ambulance|Equipment and vehicles|Procurement of an ambulance||||Approved||2024-02-02||||Chawama Constituency 2024 CDF Project Approval|https://www.lcc.gov.zm/publications/|2026-09-14|Verified from the official 2024 constituency approval document. The available source did not report a project-specific budget, disbursement, expenditure, contractor, beneficiaries, completion percentage or completion date.
LCC-CDF-APPROVED-2024-007|2024|Kabwata|Libala Ward|Completion of a 1x3 classroom block at Lusakasa Primary School|Education|Completion of a 1x3 classroom block at Lusakasa Primary School||||Approved||2024-04-19||||Kabwata Constituency 2024 CDF Project Approval|https://www.lcc.gov.zm/publications/|2026-09-14|Verified from the official 2024 constituency approval document. The available source did not report a project-specific budget, disbursement, expenditure, contractor, beneficiaries, completion percentage or completion date.
LCC-CDF-APPROVED-2024-008|2024|Kabwata|Libala Ward|Completion of a 1x2 laboratory block at Mkandawire Secondary School|Education|Completion of a 1x2 laboratory block at Mkandawire Secondary School||||Approved||2024-04-19||||Kabwata Constituency 2024 CDF Project Approval|https://www.lcc.gov.zm/publications/|2026-09-14|Verified from the official 2024 constituency approval document. The available source did not report a project-specific budget, disbursement, expenditure, contractor, beneficiaries, completion percentage or completion date.
LCC-CDF-APPROVED-2024-009|2024|Kabwata|Libala Ward|Grading and gravelling of Katata Road|Roads and drainage|Grading and gravelling of Katata Road||||Approved||2024-04-19||||Kabwata Constituency 2024 CDF Project Approval|https://www.lcc.gov.zm/publications/|2026-09-14|Verified from the official 2024 constituency approval document. The available source did not report a project-specific budget, disbursement, expenditure, contractor, beneficiaries, completion percentage or completion date.
LCC-CDF-APPROVED-2024-010|2024|Kabwata|Libala Ward|Grading and gravelling of Kalulu Street (0.155 km)|Roads and drainage|Grading and gravelling of Kalulu Street (0.155 km)||||Approved||2024-04-19||||Kabwata Constituency 2024 CDF Project Approval|https://www.lcc.gov.zm/publications/|2026-09-14|Verified from the official 2024 constituency approval document. The available source did not report a project-specific budget, disbursement, expenditure, contractor, beneficiaries, completion percentage or completion date.
LCC-CDF-APPROVED-2024-011|2024|Kabwata|Libala Ward|Grading and gravelling of Kabuzu Street (0.25 km)|Roads and drainage|Grading and gravelling of Kabuzu Street (0.25 km)||||Approved||2024-04-19||||Kabwata Constituency 2024 CDF Project Approval|https://www.lcc.gov.zm/publications/|2026-09-14|Verified from the official 2024 constituency approval document. The available source did not report a project-specific budget, disbursement, expenditure, contractor, beneficiaries, completion percentage or completion date.
LCC-CDF-APPROVED-2024-012|2024|Kabwata|Libala Ward|Grading and gravelling of Kalabi Road (0.25 km)|Roads and drainage|Grading and gravelling of Kalabi Road (0.25 km)||||Approved||2024-04-19||||Kabwata Constituency 2024 CDF Project Approval|https://www.lcc.gov.zm/publications/|2026-09-14|Verified from the official 2024 constituency approval document. The available source did not report a project-specific budget, disbursement, expenditure, contractor, beneficiaries, completion percentage or completion date.
LCC-CDF-APPROVED-2024-013|2024|Kabwata|Libala Ward|Road works off Nationalist Road opposite shopping mall|Roads and drainage|Road works off Nationalist Road opposite shopping mall||||Approved||2024-04-19||||Kabwata Constituency 2024 CDF Project Approval|https://www.lcc.gov.zm/publications/|2026-09-14|Verified from the official 2024 constituency approval document. The available source did not report a project-specific budget, disbursement, expenditure, contractor, beneficiaries, completion percentage or completion date.
LCC-CDF-APPROVED-2024-014|2024|Kabwata|Libala Ward|Furniture for Katungu Police Post|Public safety|Furniture for Katungu Police Post||||Approved||2024-04-19||||Kabwata Constituency 2024 CDF Project Approval|https://www.lcc.gov.zm/publications/|2026-09-14|Verified from the official 2024 constituency approval document. The available source did not report a project-specific budget, disbursement, expenditure, contractor, beneficiaries, completion percentage or completion date.
LCC-CDF-APPROVED-2024-015|2024|Kabwata|Kabwata Ward 6|Completion of a 1x3 classroom block at Kabwata Primary School|Education|Completion of a 1x3 classroom block at Kabwata Primary School||||Approved||2024-04-19||||Kabwata Constituency 2024 CDF Project Approval|https://www.lcc.gov.zm/publications/|2026-09-14|Verified from the official 2024 constituency approval document. The available source did not report a project-specific budget, disbursement, expenditure, contractor, beneficiaries, completion percentage or completion date.
LCC-CDF-APPROVED-2024-016|2024|Kabwata|Kabwata Ward 6|Completion of a 1x3 classroom block at St Patricks Primary School|Education|Completion of a 1x3 classroom block at St Patricks Primary School||||Approved||2024-04-19||||Kabwata Constituency 2024 CDF Project Approval|https://www.lcc.gov.zm/publications/|2026-09-14|Verified from the official 2024 constituency approval document. The available source did not report a project-specific budget, disbursement, expenditure, contractor, beneficiaries, completion percentage or completion date.
LCC-CDF-APPROVED-2024-017|2024|Kanyama|Constituency-wide|Procurement of an ambulance|Equipment and vehicles|Procurement of an ambulance||||Approved||2024-08-08||||Kanyama Constituency 2024 CDF Project Approval|https://www.lcc.gov.zm/publications/|2026-09-14|Verified from the official 2024 constituency approval document. The available source did not report a project-specific budget, disbursement, expenditure, contractor, beneficiaries, completion percentage or completion date.
LCC-CDF-APPROVED-2024-018|2024|Kanyama|Chinika Ward|Furnishing and paving at Chinika Community Hall|Roads and drainage|Furnishing and paving at Chinika Community Hall||||Approved||2024-08-08||||Kanyama Constituency 2024 CDF Project Approval|https://www.lcc.gov.zm/publications/|2026-09-14|Verified from the official 2024 constituency approval document. The available source did not report a project-specific budget, disbursement, expenditure, contractor, beneficiaries, completion percentage or completion date.
LCC-CDF-APPROVED-2024-019|2024|Kanyama|Kanyama Ward 13|Construction of a dressing room at Twashuka|Other community infrastructure|Construction of a dressing room at Twashuka||||Approved||2024-08-08||||Kanyama Constituency 2024 CDF Project Approval|https://www.lcc.gov.zm/publications/|2026-09-14|Verified from the official 2024 constituency approval document. The available source did not report a project-specific budget, disbursement, expenditure, contractor, beneficiaries, completion percentage or completion date.
LCC-CDF-APPROVED-2024-020|2024|Kanyama|Harry Mwaanga Nkumbula Ward|Extension of the mobile traders shelter at John Laing|Markets and commerce|Extension of the mobile traders shelter at John Laing||||Approved||2024-08-08||||Kanyama Constituency 2024 CDF Project Approval|https://www.lcc.gov.zm/publications/|2026-09-14|Verified from the official 2024 constituency approval document. The available source did not report a project-specific budget, disbursement, expenditure, contractor, beneficiaries, completion percentage or completion date.
LCC-CDF-APPROVED-2024-021|2024|Kanyama|Munkolo Ward|Procurement of 638 desks for Bayuni, Linda, Munkolo and ZOCS|Education|Procurement of 638 desks for Bayuni, Linda, Munkolo and ZOCS||||Approved||2024-08-08||||Kanyama Constituency 2024 CDF Project Approval|https://www.lcc.gov.zm/publications/|2026-09-14|Verified from the official 2024 constituency approval document. The available source did not report a project-specific budget, disbursement, expenditure, contractor, beneficiaries, completion percentage or completion date.
LCC-CDF-APPROVED-2024-022|2024|Kanyama|Kanyama Ward 13|Procurement of 411 desks for Twashuka Combined School|Education|Procurement of 411 desks for Twashuka Combined School||||Approved||2024-08-08||||Kanyama Constituency 2024 CDF Project Approval|https://www.lcc.gov.zm/publications/|2026-09-14|Verified from the official 2024 constituency approval document. The available source did not report a project-specific budget, disbursement, expenditure, contractor, beneficiaries, completion percentage or completion date.
LCC-CDF-APPROVED-2024-023|2024|Kanyama|Chinika Ward|Procurement of 1,125 desks|Education|Procurement of 1,125 desks||||Approved||2024-08-08||||Kanyama Constituency 2024 CDF Project Approval|https://www.lcc.gov.zm/publications/|2026-09-14|Verified from the official 2024 constituency approval document. The available source did not report a project-specific budget, disbursement, expenditure, contractor, beneficiaries, completion percentage or completion date.
LCC-CDF-APPROVED-2024-024|2024|Kanyama|Harry Mwaanga Nkumbula Ward|Procurement of 626 desks for John Laing and Chibolya|Education|Procurement of 626 desks for John Laing and Chibolya||||Approved||2024-08-08||||Kanyama Constituency 2024 CDF Project Approval|https://www.lcc.gov.zm/publications/|2026-09-14|Verified from the official 2024 constituency approval document. The available source did not report a project-specific budget, disbursement, expenditure, contractor, beneficiaries, completion percentage or completion date.
LCC-CDF-APPROVED-2024-025|2024|Kanyama|Garden Park Ward|Rehabilitation of Twin Palm and Garden Park roads|Roads and drainage|Rehabilitation of Twin Palm and Garden Park roads||||Approved||2024-08-08||||Kanyama Constituency 2024 CDF Project Approval|https://www.lcc.gov.zm/publications/|2026-09-14|Verified from the official 2024 constituency approval document. The available source did not report a project-specific budget, disbursement, expenditure, contractor, beneficiaries, completion percentage or completion date.
LCC-CDF-APPROVED-2024-026|2024|Kanyama|Makeni Villa Ward|Rehabilitation of Transmitter Road|Roads and drainage|Rehabilitation of Transmitter Road||||Approved||2024-08-08||||Kanyama Constituency 2024 CDF Project Approval|https://www.lcc.gov.zm/publications/|2026-09-14|Verified from the official 2024 constituency approval document. The available source did not report a project-specific budget, disbursement, expenditure, contractor, beneficiaries, completion percentage or completion date.
LCC-CDF-APPROVED-2024-027|2024|Kanyama|Harry Mwaanga Nkumbula Ward|Rehabilitation of Kampasa Road|Roads and drainage|Rehabilitation of Kampasa Road||||Approved||2024-08-08||||Kanyama Constituency 2024 CDF Project Approval|https://www.lcc.gov.zm/publications/|2026-09-14|Verified from the official 2024 constituency approval document. The available source did not report a project-specific budget, disbursement, expenditure, contractor, beneficiaries, completion percentage or completion date.
LCC-CDF-APPROVED-2024-028|2024|Kanyama|Chinika Ward|Rehabilitation of selected roads in Chinika|Roads and drainage|Rehabilitation of selected roads in Chinika||||Approved||2024-08-08||||Kanyama Constituency 2024 CDF Project Approval|https://www.lcc.gov.zm/publications/|2026-09-14|Verified from the official 2024 constituency approval document. The available source did not report a project-specific budget, disbursement, expenditure, contractor, beneficiaries, completion percentage or completion date.
LCC-CDF-APPROVED-2024-029|2024|Kanyama|Munkolo Ward|Rehabilitation of Master Luu Road|Roads and drainage|Rehabilitation of Master Luu Road||||Approved||2024-08-08||||Kanyama Constituency 2024 CDF Project Approval|https://www.lcc.gov.zm/publications/|2026-09-14|Verified from the official 2024 constituency approval document. The available source did not report a project-specific budget, disbursement, expenditure, contractor, beneficiaries, completion percentage or completion date.
LCC-CDF-APPROVED-2024-030|2024|Kanyama|Munkolo Ward|Rehabilitation of Ross Breeders Road|Roads and drainage|Rehabilitation of Ross Breeders Road||||Approved||2024-08-08||||Kanyama Constituency 2024 CDF Project Approval|https://www.lcc.gov.zm/publications/|2026-09-14|Verified from the official 2024 constituency approval document. The available source did not report a project-specific budget, disbursement, expenditure, contractor, beneficiaries, completion percentage or completion date.
LCC-CDF-APPROVED-2024-031|2024|Lusaka Central|Independence Ward|Construction of a 1x3 classroom block at Jacaranda Secondary School Phase 2|Education|Construction of a 1x3 classroom block at Jacaranda Secondary School Phase 2||||Approved||2024-03-18||||Lusaka Central Constituency 2024 CDF Project Approval|https://www.lcc.gov.zm/publications/|2026-09-14|Verified from the official 2024 constituency approval document. The available source did not report a project-specific budget, disbursement, expenditure, contractor, beneficiaries, completion percentage or completion date.
LCC-CDF-APPROVED-2024-032|2024|Lusaka Central|Kabulonga Ward|Rehabilitation of sanitary installations at Bauleni Police Post|Public safety|Rehabilitation of sanitary installations at Bauleni Police Post||||Approved||2024-03-18||||Lusaka Central Constituency 2024 CDF Project Approval|https://www.lcc.gov.zm/publications/|2026-09-14|Verified from the official 2024 constituency approval document. The available source did not report a project-specific budget, disbursement, expenditure, contractor, beneficiaries, completion percentage or completion date.
LCC-CDF-APPROVED-2024-033|2024|Lusaka Central|Kabulonga Ward|Rehabilitation of the ceiling and floor at Kabulonga Boys Secondary School|Education|Rehabilitation of the ceiling and floor at Kabulonga Boys Secondary School||||Approved||2024-03-18||||Lusaka Central Constituency 2024 CDF Project Approval|https://www.lcc.gov.zm/publications/|2026-09-14|Verified from the official 2024 constituency approval document. The available source did not report a project-specific budget, disbursement, expenditure, contractor, beneficiaries, completion percentage or completion date.
LCC-CDF-APPROVED-2024-034|2024|Lusaka Central|Kabulonga Ward|Construction of a mortuary at Bauleni Mini Hospital|Health|Construction of a mortuary at Bauleni Mini Hospital||||Approved||2024-03-18||||Lusaka Central Constituency 2024 CDF Project Approval|https://www.lcc.gov.zm/publications/|2026-09-14|Verified from the official 2024 constituency approval document. The available source did not report a project-specific budget, disbursement, expenditure, contractor, beneficiaries, completion percentage or completion date.
LCC-CDF-APPROVED-2024-035|2024|Lusaka Central|Kabulonga Ward|Construction of the road between ZAF and Bauleni Township Phase 1|Roads and drainage|Construction of the road between ZAF and Bauleni Township Phase 1||||Approved||2024-03-18||||Lusaka Central Constituency 2024 CDF Project Approval|https://www.lcc.gov.zm/publications/|2026-09-14|Verified from the official 2024 constituency approval document. The available source did not report a project-specific budget, disbursement, expenditure, contractor, beneficiaries, completion percentage or completion date.
LCC-CDF-APPROVED-2024-036|2024|Lusaka Central|Kabulonga Ward|Procurement of ten tents|Other community infrastructure|Procurement of ten tents||||Approved||2024-03-18||||Lusaka Central Constituency 2024 CDF Project Approval|https://www.lcc.gov.zm/publications/|2026-09-14|Verified from the official 2024 constituency approval document. The available source did not report a project-specific budget, disbursement, expenditure, contractor, beneficiaries, completion percentage or completion date.
LCC-CDF-APPROVED-2024-037|2024|Lusaka Central|Kabulonga Ward|Construction of a maternity wing at Malata Health Post Phase 1|Health|Construction of a maternity wing at Malata Health Post Phase 1||||Approved||2024-03-18||||Lusaka Central Constituency 2024 CDF Project Approval|https://www.lcc.gov.zm/publications/|2026-09-14|Verified from the official 2024 constituency approval document. The available source did not report a project-specific budget, disbursement, expenditure, contractor, beneficiaries, completion percentage or completion date.
LCC-CDF-APPROVED-2024-038|2024|Lusaka Central|Constituency-wide|Purchase of a paving machine|Roads and drainage|Purchase of a paving machine||||Approved||2024-03-18||||Lusaka Central Constituency 2024 CDF Project Approval|https://www.lcc.gov.zm/publications/|2026-09-14|Verified from the official 2024 constituency approval document. The available source did not report a project-specific budget, disbursement, expenditure, contractor, beneficiaries, completion percentage or completion date.
LCC-CDF-APPROVED-2024-039|2024|Lusaka Central|Constituency-wide|Procurement of an ambulance|Equipment and vehicles|Procurement of an ambulance||||Approved||2024-03-18||||Lusaka Central Constituency 2024 CDF Project Approval|https://www.lcc.gov.zm/publications/|2026-09-14|Verified from the official 2024 constituency approval document. The available source did not report a project-specific budget, disbursement, expenditure, contractor, beneficiaries, completion percentage or completion date.
LCC-CDF-APPROVED-2024-040|2024|Lusaka Central|Lubwa Ward|Rehabilitation of Inonge Wina Road|Roads and drainage|Rehabilitation of Inonge Wina Road||||Approved||2024-03-18||||Lusaka Central Constituency 2024 CDF Project Approval|https://www.lcc.gov.zm/publications/|2026-09-14|Verified from the official 2024 constituency approval document. The available source did not report a project-specific budget, disbursement, expenditure, contractor, beneficiaries, completion percentage or completion date.
LCC-CDF-APPROVED-2024-041|2024|Mandevu|Chaisa Ward|Construction of a 1x3 classroom block at Chaisa Combined School Phase 1|Education|Construction of a 1x3 classroom block at Chaisa Combined School Phase 1||||Approved||2024-02-02||||Mandevu Constituency 2024 CDF Project Approval|https://www.lcc.gov.zm/publications/|2026-09-14|Verified from the official 2024 constituency approval document. The available source did not report a project-specific budget, disbursement, expenditure, contractor, beneficiaries, completion percentage or completion date.
LCC-CDF-APPROVED-2024-042|2024|Mandevu|Ngwerere Ward|Construction of a 1x3 classroom block at Ngwelele Primary School Phase 1|Education|Construction of a 1x3 classroom block at Ngwelele Primary School Phase 1||||Approved||2024-02-02||||Mandevu Constituency 2024 CDF Project Approval|https://www.lcc.gov.zm/publications/|2026-09-14|Verified from the official 2024 constituency approval document. The available source did not report a project-specific budget, disbursement, expenditure, contractor, beneficiaries, completion percentage or completion date.
LCC-CDF-APPROVED-2024-043|2024|Mandevu|Mpulungu Ward|Levelling and fencing of Bwafwano Recreation Ground Phase 1|Other community infrastructure|Levelling and fencing of Bwafwano Recreation Ground Phase 1||||Approved||2024-02-02||||Mandevu Constituency 2024 CDF Project Approval|https://www.lcc.gov.zm/publications/|2026-09-14|Verified from the official 2024 constituency approval document. The available source did not report a project-specific budget, disbursement, expenditure, contractor, beneficiaries, completion percentage or completion date.
LCC-CDF-APPROVED-2024-044|2024|Mandevu|Roma Ward|Construction of a maternity wing at Kasisi Health Post Phase 1|Health|Construction of a maternity wing at Kasisi Health Post Phase 1||||Approved||2024-02-02||||Mandevu Constituency 2024 CDF Project Approval|https://www.lcc.gov.zm/publications/|2026-09-14|Verified from the official 2024 constituency approval document. The available source did not report a project-specific budget, disbursement, expenditure, contractor, beneficiaries, completion percentage or completion date.
LCC-CDF-APPROVED-2024-045|2024|Mandevu|Raphael Chota Ward|Construction of drainage from St Pauls to Chipata Primary School|Roads and drainage|Construction of drainage from St Pauls to Chipata Primary School||||Approved||2024-02-02||||Mandevu Constituency 2024 CDF Project Approval|https://www.lcc.gov.zm/publications/|2026-09-14|Verified from the official 2024 constituency approval document. The available source did not report a project-specific budget, disbursement, expenditure, contractor, beneficiaries, completion percentage or completion date.
LCC-CDF-APPROVED-2024-046|2024|Mandevu|Constituency-wide|Rehabilitation of 2.8 km of gravel road|Roads and drainage|Rehabilitation of 2.8 km of gravel road||||Approved||2024-02-02||||Mandevu Constituency 2024 CDF Project Approval|https://www.lcc.gov.zm/publications/|2026-09-14|Verified from the official 2024 constituency approval document. The available source did not report a project-specific budget, disbursement, expenditure, contractor, beneficiaries, completion percentage or completion date.
LCC-CDF-APPROVED-2024-047|2024|Mandevu|Justin Kabwe Ward|Rehabilitation and construction of community drainage from Catholic Church to Kasangula Road|Roads and drainage|Rehabilitation and construction of community drainage from Catholic Church to Kasangula Road||||Approved||2024-02-02||||Mandevu Constituency 2024 CDF Project Approval|https://www.lcc.gov.zm/publications/|2026-09-14|Verified from the official 2024 constituency approval document. The available source did not report a project-specific budget, disbursement, expenditure, contractor, beneficiaries, completion percentage or completion date.
LCC-CDF-APPROVED-2024-048|2024|Mandevu|Kabanana Ward|Top-up funding for Kabanana water projects|Water and sanitation|Top-up funding for Kabanana water projects||||Approved||2024-02-02||||Mandevu Constituency 2024 CDF Project Approval|https://www.lcc.gov.zm/publications/|2026-09-14|Verified from the official 2024 constituency approval document. The available source did not report a project-specific budget, disbursement, expenditure, contractor, beneficiaries, completion percentage or completion date.
LCC-CDF-APPROVED-2024-049|2024|Mandevu|Constituency-wide|Procurement of an ambulance|Equipment and vehicles|Procurement of an ambulance||||Approved||2024-02-02||||Mandevu Constituency 2024 CDF Project Approval|https://www.lcc.gov.zm/publications/|2026-09-14|Verified from the official 2024 constituency approval document. The available source did not report a project-specific budget, disbursement, expenditure, contractor, beneficiaries, completion percentage or completion date.
LCC-CDF-APPROVED-2024-050|2024|Mandevu|Constituency-wide|Servicing of a grader and compactor|Equipment and vehicles|Servicing of a grader and compactor||||Approved||2024-02-02||||Mandevu Constituency 2024 CDF Project Approval|https://www.lcc.gov.zm/publications/|2026-09-14|Verified from the official 2024 constituency approval document. The available source did not report a project-specific budget, disbursement, expenditure, contractor, beneficiaries, completion percentage or completion date.
LCC-CDF-APPROVED-2024-051|2024|Mandevu|Constituency-wide|Procurement of 3,000 desks|Education|Procurement of 3,000 desks||||Approved||2024-02-02||||Mandevu Constituency 2024 CDF Project Approval|https://www.lcc.gov.zm/publications/|2026-09-14|Verified from the official 2024 constituency approval document. The available source did not report a project-specific budget, disbursement, expenditure, contractor, beneficiaries, completion percentage or completion date.
LCC-CDF-APPROVED-2024-052|2024|Matero|Lima Ward|Procurement of furniture and equipment for Chitikuko Skills Centre|Other community infrastructure|Procurement of furniture and equipment for Chitikuko Skills Centre||||Approved||2024-08-08||||Matero Constituency 2024 CDF Project Approval|https://www.lcc.gov.zm/publications/|2026-09-14|Verified from the official 2024 constituency approval document. The available source did not report a project-specific budget, disbursement, expenditure, contractor, beneficiaries, completion percentage or completion date.
LCC-CDF-APPROVED-2024-053|2024|Matero|Kapwepwe Ward|Construction of drainages in Lilanda and Chitikuko|Roads and drainage|Construction of drainages in Lilanda and Chitikuko||||Approved||2024-08-08||||Matero Constituency 2024 CDF Project Approval|https://www.lcc.gov.zm/publications/|2026-09-14|Verified from the official 2024 constituency approval document. The available source did not report a project-specific budget, disbursement, expenditure, contractor, beneficiaries, completion percentage or completion date.
LCC-CDF-APPROVED-2024-054|2024|Matero|Kapwepwe Ward|Completion of Kapwepwe Clinic|Health|Completion of Kapwepwe Clinic||||Approved||2024-08-08||||Matero Constituency 2024 CDF Project Approval|https://www.lcc.gov.zm/publications/|2026-09-14|Verified from the official 2024 constituency approval document. The available source did not report a project-specific budget, disbursement, expenditure, contractor, beneficiaries, completion percentage or completion date.
LCC-CDF-APPROVED-2024-055|2024|Matero|Muchinga Ward|Construction of an ablution block at Edwin Mulongoti|Other community infrastructure|Construction of an ablution block at Edwin Mulongoti||||Approved||2024-08-08||||Matero Constituency 2024 CDF Project Approval|https://www.lcc.gov.zm/publications/|2026-09-14|Verified from the official 2024 constituency approval document. The available source did not report a project-specific budget, disbursement, expenditure, contractor, beneficiaries, completion percentage or completion date.
LCC-CDF-APPROVED-2024-056|2024|Matero||Rehabilitation of Chunga Market facilities|Markets and commerce|Rehabilitation of Chunga Market facilities||||Approved||2024-08-08||||Matero Constituency 2024 CDF Project Approval|https://www.lcc.gov.zm/publications/|2026-09-14|Verified from the official 2024 constituency approval document. The available source did not report a project-specific budget, disbursement, expenditure, contractor, beneficiaries, completion percentage or completion date. The ward was unclear in the scanned source and was left blank.
LCC-CDF-APPROVED-2024-057|2024|Matero|Lima Ward|Installation of street lighting from Children International Road to Katambalala Road junction|Roads and drainage|Installation of street lighting from Children International Road to Katambalala Road junction||||Approved||2024-08-08||||Matero Constituency 2024 CDF Project Approval|https://www.lcc.gov.zm/publications/|2026-09-14|Verified from the official 2024 constituency approval document. The available source did not report a project-specific budget, disbursement, expenditure, contractor, beneficiaries, completion percentage or completion date.
LCC-CDF-APPROVED-2024-058|2024|Matero||Erection of a wall fence at Matero Library|Other community infrastructure|Erection of a wall fence at Matero Library||||Approved||2024-08-08||||Matero Constituency 2024 CDF Project Approval|https://www.lcc.gov.zm/publications/|2026-09-14|Verified from the official 2024 constituency approval document. The available source did not report a project-specific budget, disbursement, expenditure, contractor, beneficiaries, completion percentage or completion date. The ward was unclear in the scanned source and was left blank.
LCC-CDF-APPROVED-2024-059|2024|Matero|Mwembeshi Ward|Construction of Kabole Bridge|Roads and drainage|Construction of Kabole Bridge||||Approved||2024-08-08||||Matero Constituency 2024 CDF Project Approval|https://www.lcc.gov.zm/publications/|2026-09-14|Verified from the official 2024 constituency approval document. The available source did not report a project-specific budget, disbursement, expenditure, contractor, beneficiaries, completion percentage or completion date.
LCC-CDF-APPROVED-2024-060|2024|Matero|Muchinga Ward|Rehabilitation of T.C. and M.K. junctions|Roads and drainage|Rehabilitation of T.C. and M.K. junctions||||Approved||2024-08-08||||Matero Constituency 2024 CDF Project Approval|https://www.lcc.gov.zm/publications/|2026-09-14|Verified from the official 2024 constituency approval document. The available source did not report a project-specific budget, disbursement, expenditure, contractor, beneficiaries, completion percentage or completion date.
LCC-CDF-APPROVED-2024-061|2024|Matero|Constituency-wide|Procurement of an ambulance|Equipment and vehicles|Procurement of an ambulance||||Approved||2024-08-08||||Matero Constituency 2024 CDF Project Approval|https://www.lcc.gov.zm/publications/|2026-09-14|Verified from the official 2024 constituency approval document. The available source did not report a project-specific budget, disbursement, expenditure, contractor, beneficiaries, completion percentage or completion date.
LCC-CDF-APPROVED-2024-062|2024|Matero|Constituency-wide|Additional funding for procurement of a tipper truck|Equipment and vehicles|Additional funding for procurement of a tipper truck||||Approved||2024-08-08||||Matero Constituency 2024 CDF Project Approval|https://www.lcc.gov.zm/publications/|2026-09-14|Verified from the official 2024 constituency approval document. The available source did not report a project-specific budget, disbursement, expenditure, contractor, beneficiaries, completion percentage or completion date.
LCC-CDF-APPROVED-2024-063|2024|Matero|Mwembeshi Ward|Construction of a classroom block at Namando Combined School|Education|Construction of a classroom block at Namando Combined School||||Approved||2024-08-08||||Matero Constituency 2024 CDF Project Approval|https://www.lcc.gov.zm/publications/|2026-09-14|Verified from the official 2024 constituency approval document. The available source did not report a project-specific budget, disbursement, expenditure, contractor, beneficiaries, completion percentage or completion date.
LCC-CDF-APPROVED-2024-064|2024|Matero|Constituency-wide|Grading and road-bed preparation of selected roads|Roads and drainage|Grading and road-bed preparation of selected roads||||Approved||2024-08-08||||Matero Constituency 2024 CDF Project Approval|https://www.lcc.gov.zm/publications/|2026-09-14|Verified from the official 2024 constituency approval document. The available source did not report a project-specific budget, disbursement, expenditure, contractor, beneficiaries, completion percentage or completion date.
LCC-CDF-APPROVED-2024-065|2024|Munali|Chankunkula Ward|Chelstone Bazaar and Muntanga roads|Roads and drainage|Chelstone Bazaar and Muntanga roads||||Approved||2024-02-21||||Munali Constituency 2024 CDF Project Approval|https://www.lcc.gov.zm/publications/|2026-09-14|Verified from the official 2024 constituency approval document. The available source did not report a project-specific budget, disbursement, expenditure, contractor, beneficiaries, completion percentage or completion date.
LCC-CDF-APPROVED-2024-066|2024|Munali|Chankunkula Ward|Chelstone Green roads|Roads and drainage|Chelstone Green roads||||Approved||2024-02-21||||Munali Constituency 2024 CDF Project Approval|https://www.lcc.gov.zm/publications/|2026-09-14|Verified from the official 2024 constituency approval document. The available source did not report a project-specific budget, disbursement, expenditure, contractor, beneficiaries, completion percentage or completion date.
LCC-CDF-APPROVED-2024-067|2024|Munali|Kalikiliki Ward|Kalikiliki St Augustine Road|Roads and drainage|Kalikiliki St Augustine Road||||Approved||2024-02-21||||Munali Constituency 2024 CDF Project Approval|https://www.lcc.gov.zm/publications/|2026-09-14|Verified from the official 2024 constituency approval document. The available source did not report a project-specific budget, disbursement, expenditure, contractor, beneficiaries, completion percentage or completion date.
LCC-CDF-APPROVED-2024-068|2024|Munali|Kalikiliki Ward|Kalikiliki Transmitter roads|Roads and drainage|Kalikiliki Transmitter roads||||Approved||2024-02-21||||Munali Constituency 2024 CDF Project Approval|https://www.lcc.gov.zm/publications/|2026-09-14|Verified from the official 2024 constituency approval document. The available source did not report a project-specific budget, disbursement, expenditure, contractor, beneficiaries, completion percentage or completion date.
LCC-CDF-APPROVED-2024-069|2024|Munali|Kalingalinga Ward|Kalingalinga Second UNZA Last Road|Roads and drainage|Kalingalinga Second UNZA Last Road||||Approved||2024-02-21||||Munali Constituency 2024 CDF Project Approval|https://www.lcc.gov.zm/publications/|2026-09-14|Verified from the official 2024 constituency approval document. The available source did not report a project-specific budget, disbursement, expenditure, contractor, beneficiaries, completion percentage or completion date.
LCC-CDF-APPROVED-2024-070|2024|Munali|Mtendere Ward|Vera Chiluba Road to Jesus Army Road|Roads and drainage|Vera Chiluba Road to Jesus Army Road||||Approved||2024-02-21||||Munali Constituency 2024 CDF Project Approval|https://www.lcc.gov.zm/publications/|2026-09-14|Verified from the official 2024 constituency approval document. The available source did not report a project-specific budget, disbursement, expenditure, contractor, beneficiaries, completion percentage or completion date.
LCC-CDF-APPROVED-2024-071|2024|Munali|Munali Ward|Norwell to Amos Nachinga interconnector roads|Roads and drainage|Norwell to Amos Nachinga interconnector roads||||Approved||2024-02-21||||Munali Constituency 2024 CDF Project Approval|https://www.lcc.gov.zm/publications/|2026-09-14|Verified from the official 2024 constituency approval document. The available source did not report a project-specific budget, disbursement, expenditure, contractor, beneficiaries, completion percentage or completion date.
LCC-CDF-APPROVED-2024-072|2024|Munali|Munali Ward|Little Panda and Circuit roads|Roads and drainage|Little Panda and Circuit roads||||Approved||2024-02-21||||Munali Constituency 2024 CDF Project Approval|https://www.lcc.gov.zm/publications/|2026-09-14|Verified from the official 2024 constituency approval document. The available source did not report a project-specific budget, disbursement, expenditure, contractor, beneficiaries, completion percentage or completion date.
LCC-CDF-APPROVED-2024-073|2024|Munali|Mtendere Ward|Mtendere Church Road|Roads and drainage|Mtendere Church Road||||Approved||2024-02-21||||Munali Constituency 2024 CDF Project Approval|https://www.lcc.gov.zm/publications/|2026-09-14|Verified from the official 2024 constituency approval document. The available source did not report a project-specific budget, disbursement, expenditure, contractor, beneficiaries, completion percentage or completion date.
LCC-CDF-APPROVED-2024-074|2024|Munali|Chainda Ward|Construction of a semi-detached house at Chainda Primary School|Education|Construction of a semi-detached house at Chainda Primary School||||Approved||2024-02-21||||Munali Constituency 2024 CDF Project Approval|https://www.lcc.gov.zm/publications/|2026-09-14|Verified from the official 2024 constituency approval document. The available source did not report a project-specific budget, disbursement, expenditure, contractor, beneficiaries, completion percentage or completion date.
LCC-CDF-APPROVED-2024-075|2024|Munali|Chainda Ward|Construction of an ablution block at Chainda Open School|Education|Construction of an ablution block at Chainda Open School||||Approved||2024-02-21||||Munali Constituency 2024 CDF Project Approval|https://www.lcc.gov.zm/publications/|2026-09-14|Verified from the official 2024 constituency approval document. The available source did not report a project-specific budget, disbursement, expenditure, contractor, beneficiaries, completion percentage or completion date.
LCC-CDF-APPROVED-2024-076|2024|Munali|Kalingalinga Ward|Construction of a 1x3 classroom block at Kalingalinga Primary School|Education|Construction of a 1x3 classroom block at Kalingalinga Primary School||||Approved||2024-02-21||||Munali Constituency 2024 CDF Project Approval|https://www.lcc.gov.zm/publications/|2026-09-14|Verified from the official 2024 constituency approval document. The available source did not report a project-specific budget, disbursement, expenditure, contractor, beneficiaries, completion percentage or completion date.
LCC-CDF-APPROVED-2024-077|2024|Munali|Kapwelyomba Ward|Construction of a 1x3 classroom block at Kapwelyomba Primary School|Education|Construction of a 1x3 classroom block at Kapwelyomba Primary School||||Approved||2024-02-21||||Munali Constituency 2024 CDF Project Approval|https://www.lcc.gov.zm/publications/|2026-09-14|Verified from the official 2024 constituency approval document. The available source did not report a project-specific budget, disbursement, expenditure, contractor, beneficiaries, completion percentage or completion date.
LCC-CDF-APPROVED-2024-078|2024|Munali|Munali Ward|Construction of a 2x3 classroom block at Kaunda Square Secondary School|Education|Construction of a 2x3 classroom block at Kaunda Square Secondary School||||Approved||2024-02-21||||Munali Constituency 2024 CDF Project Approval|https://www.lcc.gov.zm/publications/|2026-09-14|Verified from the official 2024 constituency approval document. The available source did not report a project-specific budget, disbursement, expenditure, contractor, beneficiaries, completion percentage or completion date.
LCC-CDF-APPROVED-2024-079|2024|Munali|Chankunkula Ward|Procurement of an ambulance|Equipment and vehicles|Procurement of an ambulance||||Approved||2024-02-21||||Munali Constituency 2024 CDF Project Approval|https://www.lcc.gov.zm/publications/|2026-09-14|Verified from the official 2024 constituency approval document. The available source did not report a project-specific budget, disbursement, expenditure, contractor, beneficiaries, completion percentage or completion date.
